status,city,year,state,total_tract_income,total_households_with_income,percent_householdsbelow50k_of_total,total_households_income_below_50k,total_households_income_50k_and_100k,total_households_income_100k_plus,bucket_annual_income_household,median_annual_income_individual,total_housing_units,occupied_housing_units,vacant_housing_units,median_monthly_housing_costs,total_households,total_rent_burden_normal,total_rent_burden_moderate,total_rent_burden_severe,percent_rent_burden_normal,percent_rent_burden_moderate,percent_rent_burden_severe,median_gross_rent_burden,avg_household_size,total_population,total_25_and_older,total_highest_not_graduate_hs,total_highest_graduate_hs,total_highest_college_degree,percent_graduate_hs,percent_no_college_degree,percent_college_degree,total_3_to_24,total_enrolled_pre_college,total_enrolled_higher_education,total_not_enrolled,total_employable,total_employed,complete_plumbing_occupied_housing,lacking_plumbing_occupied_housing,total_all_races,total_white_non_hispanic,total_african_american,total_native_american,total_asian,total_hispanic,total_other,percent_african_american,percent_native_american,percent_hispanic,percent_urm,total_all_ages,total_0_4,total_5_17,total_18_24,total_25_39,total_40_54,total_55_64,total_65_plus,percent_0_4,percent_5_17,percent_18_24,percent_children,percent_youth,percent_elderly
banked,Hamburg,2019,MN,1.65E+08,2005,33.16708229,665,735,605,72301,36404,2113,2005,108,1142,529,397,53,71,75.04725898,10.01890359,13.42155009,25.4,2.56,5150,3608,84,2187,1337,97.67184035,62.94345898,37.05654102,1361,954,124,283,4145,2979,2003,2,5150,4791,135,45,27,28,124,2.621359223,0.8737864078,0.5436893204,4.038834951,5150,258,870,414,1202,814,784,808,5.009708738,16.89320388,8.038834951,21.90291262,29.94174757,15.68932039
banked,Crane Hill,2019,AL,8.65E+07,860,43.60465116,375,322,163,57941,30900,2240,860,1380,704,58,43,0,0,74.13793103,0,0,26.2,2.79,2397,1749,350,924,475,79.98856489,72.84162379,27.15837621,581,395,11,175,1875,924,860,0,2397,2103,7,0,0,24,263,0.2920317063,0,1.001251564,1.293283271,2397,173,388,87,449,530,311,459,7.217355027,16.18690029,3.629536921,23.40425532,27.03379224,19.14893617
banked,Buxton,2019,ND,8.41E+07,999,28.32832833,283,406,310,66995,38497,1126,999,127,741,199,147,13,21,73.86934673,6.532663317,10.55276382,20.1,2.37,2408,1659,92,874,693,94.45449066,58.2278481,41.7721519,668,470,58,140,1898,1285,999,0,2408,2268,0,25,5,35,75,0,1.03820598,1.453488372,2.491694352,2408,148,463,138,425,437,380,417,6.146179402,19.22757475,5.73089701,25.37375415,31.10465116,17.31727575
banked,Boulder Junction,2019,WI,1.46E+08,1945,38.45758355,748,786,411,59901,31260,7489,1945,5544,829,292,196,26,18,67.12328767,8.904109589,6.164383562,16.3,1.89,3672,3171,89,1580,1502,97.19331441,52.63323873,47.36676127,449,372,13,64,3358,1633,1936,9,3672,3544,9,18,0,44,57,0.2450980392,0.4901960784,1.198257081,1.933551198,3672,80,334,87,286,615,828,1442,2.178649237,9.095860566,2.369281046,11.2745098,13.64379085,39.27015251
banked,Bardstown,2019,KY,9.27E+08,10917,39.49803059,4312,4285,2320,297394,146611,11641,10917,724,4121,2933,1893,417,400,64.54142516,14.21752472,13.6379134,116.7,12.58,27814,18454,1753,11197,5504,90.50070445,70.17448792,29.82551208,8260,5436,328,2496,21735,14144,10904,13,27814,24343,1939,47,199,277,1009,6.971309413,0.1689796505,0.9959013446,8.136190408,27814,1970,4845,2545,5361,5709,3253,4131,7.082764076,17.41928525,9.150068311,24.50204933,33.65211764,14.85223269
banked,Daleville,2019,IN,1.22E+08,1584,43.81313131,694,620,270,58234,29583,1657,1584,73,745,291,187,18,42,64.26116838,6.18556701,14.43298969,20.7,2.49,3952,2864,257,1739,868,91.02653631,69.69273743,30.30726257,935,677,93,165,3263,1966,1578,6,3952,3833,26,0,2,59,32,0.6578947368,0,1.49291498,2.150809717,3952,194,599,295,652,930,470,812,4.908906883,15.15688259,7.464574899,20.06578947,27.53036437,20.5465587
banked,Hallsville,2019,TX,4.44E+08,4543,40.47985912,1839,1491,1213,139764,64038,4958,4543,415,2014,1435,887,324,169,61.81184669,22.57839721,11.77700348,50,5.72,13027,8352,730,4991,2631,91.25957854,68.49856322,31.50143678,4306,2904,357,1045,9883,6343,4543,0,13027,11374,709,153,19,579,193,5.442542412,1.174483764,4.44461503,11.06164121,13027,739,2876,1060,2383,2784,1693,1492,5.672833346,22.07722423,8.136946342,27.75005757,35.88700391,11.45313579
banked,Millersport,2019,OH,2.41E+08,2831,36.73613564,1040,1053,738,128734,64658,3586,2831,755,1956,514,316,95,64,61.47859922,18.48249027,12.45136187,48.1,5,7013,5174,442,3406,1326,91.45728643,74.3718593,25.6281407,1556,1020,193,343,5853,3794,2828,3,7013,6799,48,15,21,9,121,0.684443177,0.2138884928,0.1283330957,1.026664765,7013,357,982,500,1139,1489,1135,1411,5.090546129,14.00256666,7.129616427,19.09311279,26.22272922,20.11977756
banked,Aberdeen,2019,SD,1.01E+09,13287,45.63106796,6063,4438,2786,323935,182235,14449,13287,1162,4773,5466,3296,1095,838,60.30003659,20.03293085,15.33113794,142.9,13.57,31397,20449,1564,10360,8525,92.35170424,58.31091985,41.68908015,9683,5668,1593,2422,24970,17460,13237,50,31397,26779,897,1304,1217,650,550,2.856960856,4.153263051,2.07026149,9.080485397,31397,1992,5312,3644,6566,4850,3930,5103,6.344555212,16.9188139,11.60620441,23.26336911,34.86957353,16.2531452
banked,Bainbridge Island,2019,WA,1.48E+09,10115,20,2023,2308,5784,488892,220022,10921,10115,806,7761,2079,1248,393,304,60.02886003,18.9033189,14.62241462,100.2,9.75,24486,17854,277,3716,13861,98.44852694,22.36473619,77.63526381,6040,4926,334,780,19542,11467,10115,0,24486,21616,137,97,747,503,1386,0.5595033897,0.3961447358,2.054235073,3.009883199,24486,1119,4399,1114,2662,4805,4101,6286,4.569958344,17.96536797,4.549538512,22.53532631,27.08486482,25.67181246
banked,Lineville,2019,AL,1.30E+08,2078,52.98363811,1101,566,411,44265,24118,2712,2078,634,587,620,370,97,73,59.67741935,15.64516129,11.77419355,23.6,2.57,5457,3754,615,2289,850,83.61747469,77.35748535,22.64251465,1538,1179,149,210,4311,2520,2032,46,5457,4231,1091,0,0,107,28,19.99266997,0,1.960784314,21.95345428,5457,275,951,477,1046,1065,711,932,5.039398937,17.42715778,8.74106652,22.46655672,31.20762324,17.07898113
banked,Island Heights,2019,NJ,6.67E+07,635,19.68503937,125,222,288,94464,47543,780,635,145,1714,114,66,14,13,57.89473684,12.28070175,11.40350877,23.6,2.36,1497,1161,39,517,605,96.64082687,47.88975022,52.11024978,293,245,29,19,1250,762,635,0,1497,1287,12,5,6,52,135,0.8016032064,0.334001336,3.473613894,4.609218437,1497,48,229,59,272,262,220,407,3.206412826,15.29726119,3.941215765,18.50367401,22.44488978,27.18770875
banked,Mountain Lake,2019,MN,1.37E+08,2381,55.64888702,1325,781,275,93537,57214,2602,2381,221,1354,678,392,134,55,57.81710914,19.7640118,8.112094395,46.2,4.57,5623,3811,613,2187,1011,83.91498294,73.47152978,26.52847022,1507,1120,59,328,4307,2668,2381,0,5623,4606,67,13,358,156,423,1.191534768,0.2311933132,2.774319758,4.197047839,5623,462,989,361,1044,786,752,1229,8.216254668,17.5884759,6.420060466,25.80473057,32.22479104,21.85666015
banked,Amelia,2019,OH,6.27E+08,7977,37.09414567,2959,2873,2145,186384,92570,8482,7977,505,2961,1934,1107,425,226,57.23888314,21.97518097,11.68562565,90,7.8,20602,14213,1616,7723,4874,88.63012735,65.70745093,34.29254907,5646,4041,374,1231,15937,10792,7942,35,20602,19589,153,0,100,323,437,0.742646345,0,1.567808951,2.310455296,20602,1276,3755,1358,4056,4207,3166,2784,6.193573439,18.22638579,6.591593049,24.41995923,31.01155228,13.51325114
banked,Dunbar,2019,WV,2.41E+08,4444,55.76057606,2478,1349,617,177642,100760,5397,4444,953,2738,1970,1116,439,328,56.64974619,22.28426396,16.64974619,98.7,8.34,9464,7052,557,4263,2232,92.10153148,68.34940442,31.65059558,2035,1277,362,396,7956,4571,4444,0,9464,6681,1901,6,161,199,516,20.08664413,0.06339814032,2.102704987,22.25274725,9464,487,1181,744,1926,1679,1326,2121,5.145815723,12.47886729,7.8613694,17.62468301,25.48605241,22.4112426
banked,Allegan,2019,MI,4.76E+08,6203,40.77059487,2529,2223,1451,184164,91669,7193,6203,990,2651,1242,694,229,125,55.87761675,18.43800322,10.06441224,72.8,8.16,17030,11458,913,7376,3169,92.0317682,72.34246814,27.65753186,4923,2997,377,1549,13645,8123,6192,11,17030,15237,593,43,216,451,490,3.482090429,0.252495596,2.648267763,6.382853787,17030,1018,2797,1757,3025,3197,2409,2827,5.977686436,16.42395772,10.31708749,22.40164416,32.71873165,16.60011744
banked,East Grand Rapids,2019,MI,5.14E+08,2673,17.50841751,468,472,1733,281002,120560,2729,2673,56,3495,189,104,28,57,55.02645503,14.81481481,30.15873016,70.9,5.58,7527,4876,77,711,4088,98.42083675,16.16078753,83.83921247,2385,2075,184,126,5473,3652,2661,12,7527,7209,55,0,36,50,177,0.7307028032,0,0.6642752757,1.394978079,7527,530,1814,307,1181,1793,828,1074,7.041317922,24.099907,4.078650193,31.14122492,35.21987512,14.26863292
banked,Mt Hope,2019,AL,4.96E+07,662,48.33836858,320,226,116,50764,27348,904,662,242,603,77,42,0,0,54.54545455,0,0,20,2.93,1939,1342,209,945,188,84.42622951,85.99105812,14.00894188,564,297,71,196,1555,698,662,0,1939,1615,97,95,6,0,126,5.002578649,4.899432697,0,9.902011346,1939,119,297,181,289,497,265,291,6.137184116,15.3171738,9.334708613,21.45435792,30.78906653,15.00773595
banked,Belgrade,2019,MT,9.97E+08,10845,31.23098202,3387,3980,3478,308008,149846,11427,10845,582,5076,2687,1459,606,404,54.29847413,22.55303312,15.03535541,103.1,10.18,27922,18760,948,9042,8770,94.9466951,53.25159915,46.74840085,8000,5331,454,2215,21149,15760,10799,46,27922,26044,27,311,135,378,1027,0.09669794427,1.113817062,1.35377122,2.564286226,27922,2212,5034,1916,7112,5095,3351,3202,7.92206862,18.0287945,6.861972638,25.95086312,32.81283576,11.46765991
banked,Milmine,2019,IL,9.37E+07,1130,41.32743363,467,339,324,65431,35196,1222,1130,92,795,163,87,20,13,53.37423313,12.26993865,7.975460123,18.9,2.59,2930,1927,102,1161,664,94.70679813,65.54229372,34.45770628,815,595,53,167,2210,1424,1130,0,2930,2878,2,0,0,1,49,0.06825938567,0,0.03412969283,0.1023890785,2930,242,536,225,474,553,427,473,8.259385666,18.29351536,7.679180887,26.55290102,34.23208191,16.14334471
banked,Buffalo,2019,WY,3.06E+08,3845,40.83224967,1570,1391,884,118509,64010,4620,3845,775,1877,1158,609,125,141,52.59067358,10.79447323,12.1761658,42.7,4.41,8487,6067,244,3362,2461,95.97824295,59.43629471,40.56370529,2222,1510,15,697,6745,4386,3828,17,8487,7762,49,364,0,176,136,0.5773535996,4.288912454,2.073759868,6.940025922,8487,425,1448,547,1105,1703,1316,1943,5.007658772,17.06138801,6.445151408,22.06904678,28.51419819,22.89383763
banked,Au Train,2019,MI,6.39E+07,1000,46,460,419,121,53205,24634,2223,1000,1223,692,125,65,37,17,52,29.6,13.6,28.7,2.62,2644,2035,84,1357,594,95.87223587,70.81081081,29.18918919,533,416,63,54,2228,1213,992,8,2644,2355,23,196,4,15,51,0.8698940998,7.41301059,0.567322239,8.850226929,2644,114,364,131,376,416,607,636,4.311649017,13.76701967,4.954614221,18.07866868,23.0332829,24.05446293
banked,Kodiak,2019,AK,3.88E+08,3613,23.80293385,860,1231,1522,326357,122755,4273,3613,660,6364,1783,920,323,276,51.59842961,18.11553561,15.47952888,130.2,12.53,11740,7804,753,4194,2857,90.351102,63.39056894,36.60943106,3468,2289,163,1016,8979,6695,3613,0,11740,5690,42,1124,3053,759,1072,0.3577512777,9.574105622,6.465076661,16.39693356,11740,855,2185,896,3106,2111,1479,1108,7.282793867,18.61158433,7.632027257,25.89437819,33.52640545,9.437819421
banked,Iola,2019,WI,1.20E+08,1655,44.41087613,735,582,338,55257,31002,2023,1655,368,824,385,198,87,61,51.42857143,22.5974026,15.84415584,27.3,2.17,3631,2700,140,1661,899,94.81481481,66.7037037,33.2962963,876,654,59,163,2997,1864,1649,6,3631,3577,8,1,6,23,16,0.2203249793,0.02754062242,0.6334343156,0.8812999174,3631,116,602,213,464,756,604,876,3.1947122,16.5794547,5.866152575,19.7741669,25.64031947,24.12558524
banked,Hoosick Falls,2019,NY,2.02E+08,2722,43.68111683,1189,940,593,115550,56392,3210,2722,488,2064,897,457,204,156,50.94760312,22.74247492,17.39130435,57.8,4.96,6786,4660,313,2807,1540,93.2832618,66.9527897,33.0472103,1938,1366,146,426,5318,3318,2684,38,6786,6418,0,8,8,167,185,0,0.1178897731,2.460949013,2.578838786,6786,372,1281,473,1029,1351,1045,1235,5.481874447,18.87709991,6.970232832,24.35897436,31.32920719,18.19923372
banked,Monmouth Beach,2019,NJ,2.64E+08,1423,19.67673928,280,230,913,134861,60625,1923,1423,500,2077,244,124,42,64,50.81967213,17.21311475,26.2295082,28.1,2.26,3212,2432,0,584,1848,100,24.01315789,75.98684211,682,451,112,119,2728,1565,1423,0,3212,3045,0,0,15,55,97,0,0,1.712328767,1.712328767,3212,153,381,246,204,675,673,880,4.763387298,11.86176837,7.658779577,16.62515567,24.28393524,27.39726027
banked,Hilliard,2019,OH,2.55E+09,23509,25.32647071,5954,6953,10602,848715,410497,24230,23509,721,12848,5938,2993,1572,1096,50.40417649,26.47356012,18.45739306,251.6,24.21,62327,41291,1831,14922,24538,95.56561963,40.57300622,59.42699378,18405,13902,1951,2552,47699,35682,23415,94,62327,52069,2871,57,3377,2048,1905,4.606350378,0.0914531423,3.285895358,7.983698878,62327,4082,12859,4095,13488,13797,7506,6500,6.549328541,20.63150801,6.570186276,27.18083656,33.75102283,10.4288671
banked,Hernando,2019,MS,9.72E+08,9720,30.33950617,2949,3406,3365,304936,136255,10311,9720,591,4078,1263,631,293,242,49.96041172,23.19873317,19.16072842,103.5,11.31,27937,18925,1705,10107,7113,90.99075297,62.41479524,37.58520476,8114,6037,856,1221,21939,14273,9708,12,27937,23545,2823,67,96,503,903,10.10487883,0.2398253213,1.800479651,12.14518381,27937,1627,5335,2050,5134,5543,3615,4633,5.823817876,19.09653864,7.337938934,24.92035652,32.25829545,16.58374199
banked,Abbottstown,2019,PA,2.40E+08,2893,36.81299689,1065,996,832,64514,31117,3053,2893,160,1055,499,247,136,92,49.498998,27.25450902,18.43687375,29.3,2.56,7418,5196,544,3147,1505,89.53040801,71.03541186,28.96458814,2004,1267,196,541,6082,4099,2893,0,7418,6877,121,0,56,208,156,1.631167431,0,2.803990294,4.435157724,7418,357,1146,719,1059,1590,1128,1419,4.812617956,15.44890806,9.692639525,20.26152602,29.95416554,19.12914532
banked,Jasper,2019,FL,1.13E+08,2138,54.86435921,1173,752,213,43817,20019,2746,2138,608,525,883,434,134,219,49.15062288,15.17553794,24.801812,27.2,2.54,8725,6478,1916,3896,666,70.42297005,89.71904909,10.28095091,1993,1319,153,521,7497,2300,2138,0,8725,4119,3831,0,11,525,239,43.90830946,0,6.017191977,49.92550143,8725,428,965,854,2366,1971,893,1248,4.905444126,11.06017192,9.787965616,15.96561605,25.75358166,14.30372493
banked,Jefferson,2019,NC,1.15E+08,2616,66.09327217,1729,771,116,35753,20605,3754,2616,1138,558,957,467,216,142,48.79832811,22.57053292,14.83803553,28.1,2.12,5839,4371,697,2500,1174,84.05399222,73.14115763,26.85884237,1376,834,62,480,5029,2990,2616,0,5839,5231,104,54,7,179,264,1.781126905,0.9248158931,3.065593424,5.771536222,5839,186,814,468,1000,1040,858,1473,3.185476965,13.94074328,8.015071074,17.12622024,25.14129132,25.22692242
banked,Madison,2019,IN,6.85E+08,9633,49.25775978,4745,3010,1878,248782,141997,11023,9633,1390,3743,2836,1378,581,677,48.58956276,20.48660085,23.87165021,145.7,11.22,23569,16976,1760,10575,4641,89.63242224,72.66140434,27.33859566,5616,3547,472,1597,19419,11060,9482,151,23569,21638,550,16,245,547,573,2.333573762,0.06788578217,2.320845178,4.722304722,23569,1565,3196,1832,4611,4712,3593,4060,6.640078069,13.56018499,7.772922059,20.20026306,27.97318512,17.22601723
banked,Frostproof,2019,FL,1.44E+08,2477,59.62858296,1477,782,218,129187,60602,3554,2477,1077,1694,603,292,85,123,48.42454395,14.09618574,20.39800995,68.9,8.67,8417,6219,1791,3313,1115,71.20115774,82.07107252,17.92892748,1931,1116,165,650,7130,2765,2477,0,8417,4900,1049,12,81,2122,253,12.46287276,0.1425686111,25.21088274,37.81632411,8417,368,1050,780,1668,1706,889,1956,4.372104075,12.47475348,9.266959724,16.84685755,26.11381727,23.23868362
banked,Lexa,2019,AR,8.50E+07,2253,73.41322681,1654,515,84,24364,17831,2812,2253,559,555,1242,599,258,279,48.22866345,20.77294686,22.46376812,29.5,2.53,5697,3449,603,2115,731,82.5166715,78.80545086,21.19454914,1939,1434,44,461,4023,2055,2253,0,5697,1280,4417,0,0,0,0,77.5320344,0,0,77.5320344,5697,531,1236,481,872,1031,663,883,9.320695103,21.69562928,8.443040197,31.01632438,39.45936458,15.49938564
banked,Kimper,2019,KY,9.63E+07,1606,64.07222914,1029,278,299,36026,23093,1797,1606,191,484,339,163,60,96,48.08259587,17.69911504,28.31858407,29.6,2.29,3675,2594,462,1604,528,82.18966847,79.64533539,20.35466461,983,619,84,280,2904,1567,1597,9,3675,3636,0,0,0,15,24,0,0,0.4081632653,0.4081632653,3675,258,617,206,670,766,574,584,7.020408163,16.78911565,5.605442177,23.80952381,29.41496599,15.89115646
banked,Lansdowne,2019,PA,5.07E+08,6630,45.47511312,3015,2041,1574,267125,178904,7445,6630,815,5845,2781,1312,554,703,47.17727436,19.92089177,25.27867673,155,12.19,16182,11186,736,5442,5008,93.42034686,55.22975148,44.77024852,4295,2775,570,950,12903,9044,6597,33,16182,5532,8821,29,462,550,788,54.51118527,0.1792114695,3.398838215,58.08923495,16182,1124,2508,1364,3506,3327,2341,2012,6.945989371,15.49870226,8.429118774,22.44469163,30.87381041,12.43356816
banked,Kenmore,2019,NY,1.67E+08,2104,35.74144487,752,751,601,73777,42717,2281,2104,177,989,684,322,170,168,47.07602339,24.85380117,24.56140351,30.4,2.21,4649,3435,90,1597,1748,97.37991266,49.11208151,50.88791849,1098,687,260,151,3881,2757,2104,0,4649,4083,390,45,27,54,50,8.388900839,0.9679500968,1.161540116,10.51839105,4649,199,663,352,988,1062,667,718,4.280490428,14.26113143,7.571520757,18.54162185,26.11314261,15.44418154
banked,Middletown,2019,OH,1.50E+09,24164,53.426585,12910,7207,4047,933388,507213,27304,24164,3140,16976,10099,4707,2110,2417,46.60857511,20.89315774,23.93306268,572.6,50.08,61271,41061,5917,25056,10088,85.58973235,75.43167483,24.56832517,17958,11941,1053,4964,47922,28787,24140,24,61271,50313,5627,75,556,1483,3217,9.183790047,0.1224070115,2.42039464,11.7265917,61271,3888,10999,5323,11846,11131,8624,9460,6.345579475,17.95139626,8.687633628,24.29697573,32.98460936,15.43960438
banked,Grand Junction,2019,CO,3.11E+09,42978,46.61222021,20033,13980,8965,1158756,610478,45798,42978,2820,21236,14838,6838,3836,3732,46.08437795,25.85254077,25.15163769,616.2,47.96,103211,70906,6478,36584,27844,90.86396074,60.73110879,39.26889121,28931,17010,5016,6905,83927,52288,42880,98,103211,82522,923,582,1079,14028,4077,0.8942845239,0.5638933835,13.59157454,15.04975245,103211,5993,15655,10657,20331,17238,13870,19467,5.806551627,15.1679569,10.32544981,20.97450853,31.29995834,18.86136168
banked,Litchfield,2019,CT,4.04E+08,3415,31.21522694,1066,915,1434,260053,114975,4136,3415,721,4296,771,352,127,215,45.65499351,16.47211414,27.88586252,86.1,6.89,8147,6261,320,2768,3173,94.88899537,49.3211947,50.6788053,1691,1243,192,256,6991,4083,3407,8,8147,7294,110,0,73,469,201,1.350190254,0,5.756720265,7.106910519,8147,303,1055,528,877,1416,1573,2395,3.719160427,12.94955198,6.48091322,16.66871241,23.14962563,29.39732417
banked,King City,2019,OR,2.38E+08,2926,42.99384826,1258,997,671,58537,31521,3009,2926,83,1257,561,256,111,137,45.63279857,19.78609626,24.42067736,29.7,2.15,6382,5039,295,2389,2355,94.14566382,53.26453661,46.73546339,1155,896,32,227,5361,2640,2926,0,6382,4950,154,91,217,499,471,2.413036666,1.425885302,7.818865559,11.65778753,6382,407,763,173,969,820,926,2324,6.377311188,11.95549984,2.710748982,18.33281103,21.04356001,36.41491695
banked,Kingwood,2019,WV,2.17E+08,3312,47.2826087,1566,1052,694,105471,53161,3801,3312,489,1241,767,348,119,192,45.37157757,15.51499348,25.03259452,57.4,4.94,8365,5827,718,3587,1522,87.67805045,73.8802128,26.1197872,2163,1395,92,676,6653,3997,3308,4,8365,8039,122,0,43,83,78,1.45845786,0,0.9922295278,2.450687388,8365,480,1360,698,1814,1485,941,1587,5.73819486,16.25821877,8.344291692,21.99641363,30.34070532,18.97190675
banked,Echo,2019,OR,1.36E+08,1810,40.44198895,732,681,397,60256,32301,1923,1810,113,1024,577,257,101,189,44.5407279,17.50433276,32.75563258,33.4,2.45,4543,3010,185,1586,1239,93.8538206,58.8372093,41.1627907,1367,879,140,348,3463,2162,1810,0,4543,3799,48,156,37,270,233,1.056570548,3.433854281,5.943209333,10.43363416,4543,295,884,354,825,834,410,941,6.493506494,19.45850759,7.792207792,25.95201409,33.74422188,20.71318512
banked,Aberdeen,2019,MS,3.59E+08,5980,58.64548495,3507,1601,872,160864,101229,7179,5980,1199,2280,1704,754,417,218,44.24882629,24.47183099,12.79342723,100.2,10.21,15785,11005,2254,6381,2370,79.51840073,78.46433439,21.53566561,4437,3072,217,1148,12475,6570,5920,60,15785,7271,8125,7,0,317,65,51.47291733,0.044345898,2.008235667,53.52549889,15785,907,2851,1022,3148,2848,2208,2801,5.745961356,18.06145074,6.474501109,23.8074121,30.28191321,17.74469433
banked,Moapa Valley,2019,NV,3.45E+07,670,59.55223881,399,172,99,43846,20625,893,670,223,574,142,62,8,63,43.66197183,5.633802817,44.36619718,32.8,2.17,1451,1054,151,713,190,85.67362429,81.97343454,18.02656546,292,206,0,86,1142,513,670,0,1451,1265,0,0,0,186,0,0,0,12.81874569,12.81874569,1451,164,184,49,196,238,253,367,11.30254997,12.68090972,3.376981392,23.98345968,27.36044108,25.29290145
banked,Cookeville,2019,TN,1.70E+09,27824,56.3793847,15687,7570,4567,554223,314439,29960,27824,2136,9463,10988,4755,2464,2695,43.27448125,22.42446305,24.52675646,410.8,29.78,67556,43425,5376,23586,14463,87.62003454,66.69430052,33.30569948,21876,9847,6996,5033,55588,32795,27793,31,67556,60537,1627,214,964,2582,1632,2.408372313,0.3167742317,3.822014329,6.547160874,67556,3589,10024,10518,12626,11819,7829,11151,5.312629522,14.83806028,15.56930547,20.1506898,35.71999526,16.50630588
banked,Abbeville,2019,AL,1.01E+08,1747,60.33199771,1054,487,206,75913,40966,2358,1747,611,1071,468,202,48,100,43.16239316,10.25641026,21.36752137,51,4.72,4309,3083,761,1586,736,75.31625041,76.12714888,23.87285112,1136,661,61,414,3599,1587,1726,21,4309,2134,1950,30,0,93,102,45.25411929,0.6962172198,2.158273381,48.10860989,4309,201,621,404,598,802,589,1094,4.664655372,14.41169645,9.375725226,19.07635182,28.45207705,25.38872128
banked,Grand Terrace,2019,CA,5.12E+08,6403,38.0915196,2439,2243,1721,243140,134902,7119,6403,716,5403,3313,1414,931,870,42.68035014,28.10141865,26.26018714,124.4,11.28,18063,12450,1365,6744,4341,89.03614458,65.13253012,34.86746988,4950,3393,482,1075,14205,9325,6397,6,18063,6382,1558,23,1605,5069,3426,8.625366772,0.1273321154,28.06289099,36.81558988,18063,1149,3029,1435,4876,3193,1988,2393,6.36106959,16.76908598,7.944416764,23.13015557,31.07457233,13.24807618
banked,Canyon,2019,TX,5.54E+08,6195,45.50443906,2819,1480,1896,167471,82279,7096,6195,901,2836,2499,1065,437,832,42.61704682,17.4869948,33.29331733,93.7,7.85,17860,9983,589,4530,4864,94.09996995,51.27717119,48.72282881,7401,2953,3132,1316,14666,10206,6195,0,17860,14241,447,84,129,1960,999,2.502799552,0.470324748,10.97424412,13.94736842,17860,874,2867,4136,3391,2721,1774,2097,4.893617021,16.05263158,23.15789474,20.9462486,44.10414334,11.74132139
banked,Kirby,2019,VT,6.45E+07,880,46.70454545,411,302,167,58056,29496,1375,880,495,938,149,63,30,28,42.28187919,20.13422819,18.79194631,29.4,2.36,2079,1474,115,713,646,92.19810041,56.17367707,43.82632293,518,361,49,108,1664,1127,875,5,2079,1974,8,13,10,6,68,0.3848003848,0.6253006253,0.2886002886,1.298701299,2079,136,332,137,360,422,330,362,6.541606542,15.96921597,6.58970659,22.51082251,29.1005291,17.41221741
banked,Hiram,2019,ME,7.37E+07,1177,56.15972812,661,363,153,45023,19986,1749,1177,572,747,218,91,28,56,41.74311927,12.8440367,25.68807339,29.1,2.7,3174,2377,347,1488,542,85.40176693,77.19814893,22.80185107,743,440,73,230,2734,1470,1174,3,3174,2959,0,45,3,21,146,0,1.417769376,0.6616257089,2.079395085,3174,118,395,284,558,584,570,665,3.717706364,12.44486452,8.947700063,16.16257089,25.11027095,20.95148078
banked,Keokuk,2019,IA,2.56E+08,4628,59.83146067,2769,1285,574,150933,94979,5314,4628,686,2614,1701,703,509,369,41.32863022,29.92357437,21.69312169,130,9.11,10784,7327,650,4635,2042,91.12870206,72.13047632,27.86952368,2995,2027,69,899,8382,5120,4613,15,10784,9435,480,15,159,198,497,4.451038576,0.1390949555,1.836053412,6.426186944,10784,731,1951,775,1973,1729,1489,2136,6.778560831,18.09161721,7.1865727,24.87017804,32.05675074,19.80712166
banked,Everman,2019,TX,1.22E+08,1953,59.85663082,1169,491,293,43049,23472,2220,1953,267,834,411,169,78,117,41.11922141,18.97810219,28.46715328,30.8,3.22,6301,3914,971,2410,533,75.19161983,86.38221768,13.61778232,2178,1532,137,509,4643,2855,1953,0,6301,1341,1571,0,50,1992,1347,24.93255039,0,31.61402952,56.54657991,6301,373,1490,524,1121,1423,725,645,5.919695286,23.64704015,8.316140295,29.56673544,37.88287573,10.2364704
banked,Kent City,2019,MI,1.32E+08,1682,37.81212842,636,653,393,67885,27769,1751,1682,69,943,297,122,32,61,41.07744108,10.77441077,20.53872054,27.7,3.22,5452,3412,472,2023,917,86.16647128,73.12426729,26.87573271,1839,1148,71,620,4058,2693,1669,13,5452,4615,108,0,1,517,211,1.980924431,0,9.482758621,11.46368305,5452,460,1104,476,1185,920,650,657,8.437270726,20.24944974,8.730741012,28.68672047,37.41746148,12.05062362
banked,Brusly,2019,LA,2.51E+08,2550,25.64705882,654,767,1129,85735,42682,2829,2550,279,1080,376,151,114,83,40.15957447,30.31914894,22.07446809,35.9,2.92,7459,4570,128,2698,1744,97.19912473,61.8380744,38.1619256,2534,1819,179,536,5405,3973,2550,0,7459,4891,2348,21,16,21,162,31.4787505,0.2815390803,0.2815390803,32.04182866,7459,558,1679,652,1807,1250,802,711,7.480895562,22.5097198,8.741118112,29.99061536,38.73173348,9.532108862
banked,Benezette,2019,PA,5.60E+07,982,48.3706721,475,367,140,52000,27165,2024,982,1042,577,171,68,16,19,39.76608187,9.356725146,11.11111111,26.7,2.22,2177,1631,136,1066,429,91.66155733,73.69711833,26.30288167,491,330,13,148,1826,1044,982,0,2177,2130,0,0,39,0,8,0,0,0,0,2177,101,306,139,275,379,431,546,4.639412035,14.05604042,6.384933395,18.69545246,25.08038585,25.08038585
banked,Abbeville,2019,SC,3.42E+08,5972,62.3074347,3721,1389,862,110771,68445,7584,5972,1612,1719,1439,560,278,356,38.91591383,19.31897151,24.73940236,105.9,7.26,14579,10421,1898,5365,3158,81.7867767,69.69580654,30.30419346,3676,2373,222,1081,11806,6449,5942,30,14579,9727,4530,15,0,130,177,31.07208999,0.1028877152,0.8916935318,32.06667124,14579,797,2235,1126,2171,3027,1945,3278,5.466767268,15.33026957,7.723437822,20.79703683,28.52047466,22.48439536
banked,Keystone Heights,2019,FL,2.52E+08,4046,54.1769649,2192,1337,517,143859,76669,4989,4046,943,2343,697,270,202,149,38.7374462,28.98134864,21.37733142,129.5,7.79,11148,7721,927,4723,2071,87.99378319,73.1770496,26.8229504,2905,1805,195,905,8935,4956,4046,0,11148,10247,24,2,64,388,423,0.215285253,0.01794043775,3.480444923,3.713670614,11148,918,1619,890,1999,1803,1833,2086,8.234660926,14.52278436,7.983494797,22.75744528,30.74094008,18.71187657
banked,Markleysburg,2019,PA,6.62E+07,1111,49.8649865,554,396,161,50341,22556,1766,1111,655,631,237,90,51,42,37.97468354,21.51898734,17.72151899,30.3,2.22,2651,2040,371,1280,389,81.81372549,80.93137255,19.06862745,527,314,57,156,2277,1200,1097,14,2651,2509,21,0,0,71,50,0.7921539042,0,2.678234628,3.470388533,2651,100,329,182,333,561,462,684,3.772161449,12.41041117,6.865333836,16.18257261,23.04790645,25.80158431
banked,Georgetown,2019,GA,4.27E+07,842,67.4584323,568,205,69,26667,18741,1956,842,1114,625,251,95,16,80,37.84860558,6.374501992,31.87250996,40.3,2.72,2289,1755,620,958,177,64.67236467,89.91452991,10.08547009,433,339,17,77,1871,875,842,0,2289,848,1188,0,168,17,68,51.90039318,0,0.7426823941,52.64307558,2289,163,291,80,522,250,413,570,7.121013543,12.7129751,3.494975972,19.83398864,23.32896461,24.9017038
banked,Laurel,2019,MS,1.03E+09,16513,60.97014473,10068,4214,2231,354209,206277,19580,16513,3067,5195,5288,1976,1475,1235,37.36762481,27.89334342,23.35476551,270.5,23.98,44696,29727,4762,16237,8728,83.98089279,70.63948599,29.36051401,13163,8896,754,3513,34263,19610,16355,158,44696,24866,16944,154,199,1744,789,37.90943261,0.3445498479,3.90191516,42.15589762,44696,3043,8604,3322,8950,7477,5846,7454,6.8082155,19.25004475,7.432432432,26.05826025,33.49069268,16.67710757
banked,Malden,2019,MO,9.40E+07,2058,66.22934888,1363,533,162,69028,42321,2442,2058,384,1190,822,306,145,229,37.22627737,17.63990268,27.85888078,80.7,4.88,5121,3154,599,1874,681,81.0082435,78.40837032,21.59162968,1708,1165,113,430,3881,2161,2058,0,5121,3887,1168,9,0,31,26,22.8080453,0.1757469244,0.6053505175,23.58914275,5121,381,1030,556,667,912,670,905,7.439953134,20.11325913,10.85725444,27.55321226,38.41046671,17.67232962
banked,Camp Verde,2019,AZ,2.13E+08,3527,60.75985257,2143,972,412,85471,41537,3840,3527,313,1242,833,308,176,207,36.97478992,21.12845138,24.84993998,66,5.61,10597,7363,1229,4392,1742,83.30843406,76.34116529,23.65883471,2842,1990,57,795,8288,3863,3519,8,10597,6558,56,980,9,1861,1133,0.5284514485,9.247900349,17.56157403,27.33792583,10597,578,2016,640,2103,1900,1178,2182,5.454373879,19.02425215,6.039445126,24.47862603,30.51807115,20.59073323
banked,Grinnell,2019,KS,2.72E+07,459,49.67320261,228,149,82,50750,28798,558,459,99,566,103,38,24,6,36.89320388,23.30097087,5.825242718,26,2.03,934,684,38,412,234,94.44444444,65.78947368,34.21052632,222,157,8,57,763,511,459,0,934,898,1,9,1,17,8,0.1070663812,0.9635974304,1.82012848,2.890792291,934,47,135,68,160,119,166,239,5.032119914,14.45396146,7.280513919,19.48608137,26.76659529,25.5888651
banked,Fryeburg,2019,ME,8.06E+07,1053,44.63437797,470,357,226,55923,20879,1698,1053,645,925,218,79,101,12,36.23853211,46.33027523,5.504587156,32,3.09,3421,2261,222,1229,810,90.18133569,64.17514374,35.82485626,1025,640,135,250,2774,1597,1045,8,3421,3210,7,0,16,0,188,0.2046185326,0,0,0.2046185326,3421,186,586,388,498,726,442,595,5.437006723,17.1294943,11.34171295,22.56650102,33.90821397,17.39257527
banked,Kiowa,2019,OK,4.39E+07,797,55.70890841,444,243,110,43616,25125,1014,797,217,468,193,69,25,28,35.75129534,12.95336788,14.50777202,24.1,2.36,1884,1288,205,792,291,84.08385093,77.4068323,22.5931677,533,361,28,144,1487,844,793,4,1884,1235,36,170,0,36,407,1.910828025,9.023354565,1.910828025,12.84501062,1884,115,330,151,315,357,230,386,6.10403397,17.51592357,8.014861996,23.61995754,31.63481953,20.48832272
banked,Benson,2019,AZ,2.64E+08,4119,54.01796553,2225,1142,752,157907,89119,5095,4119,976,2821,1050,373,282,251,35.52380952,26.85714286,23.9047619,100.6,6.32,8848,6890,644,3878,2368,90.65312046,65.63134978,34.36865022,1847,1398,125,324,7601,3303,4106,13,8848,6746,52,18,45,1534,453,0.5877034358,0.2034358047,17.33725136,18.1283906,8848,232,1309,417,978,1379,1546,2987,2.622061483,14.7943038,4.712929476,17.41636528,22.12929476,33.75904159
banked,Fortuna,2019,CA,2.23E+08,3578,53.18613751,1903,1172,503,97745,47137,3784,3578,206,2016,1346,450,395,324,33.43239227,29.346211,24.07132244,68.6,5.15,9342,6295,923,3554,1818,85.3375695,71.11993646,28.88006354,2785,1874,334,577,7225,4170,3546,32,9342,6603,67,259,45,996,1372,0.7171911796,2.772425605,10.66152858,14.15114537,9342,547,1768,732,1592,1495,1359,1849,5.855277243,18.92528367,7.835581246,24.78056091,32.61614215,19.79233569
banked,Kenneth City,2019,FL,1.35E+08,1699,52.91347852,899,436,364,92187,52689,2117,1699,418,2027,505,151,158,151,29.9009901,31.28712871,29.9009901,74,5.66,5051,3804,481,2216,1107,87.35541535,70.89905363,29.10094637,1147,756,56,335,4321,2556,1699,0,5051,3112,238,4,814,595,288,4.71193823,0.07919223916,11.77984558,16.57097604,5051,205,701,341,942,1142,735,985,4.058602257,13.87843991,6.751138388,17.93704217,24.68818056,19.50108889
banked,Dunseith,2019,ND,9.35E+07,1422,50.70323488,721,436,265,47500,26103,1790,1422,368,384,275,81,54,47,29.45454545,19.63636364,17.09090909,34.5,3.24,4635,2749,374,1386,989,86.39505275,64.02328119,35.97671881,1661,1071,90,500,3274,1865,1405,17,4635,892,2,3601,6,0,134,0.04314994606,77.69147789,0,77.73462783,4635,381,1088,417,885,722,598,544,8.220064725,23.47357066,8.996763754,31.69363538,40.69039914,11.73678533
banked,Kirbyville,2019,TX,1.52E+08,2765,55.37070524,1531,877,357,81943,44608,3369,2765,604,1091,749,216,263,161,28.83845127,35.11348465,21.4953271,80.4,5.27,7415,4813,689,3268,856,85.6846042,82.21483482,17.78516518,2309,1626,88,595,5892,2800,2684,81,7415,6027,608,61,17,305,397,8.199595415,0.8226567768,4.113283884,13.13553608,7415,411,1388,803,1201,1263,1053,1296,5.542818611,18.71881322,10.82939987,24.26163183,35.09103169,17.47808496
banked,Lamar,2019,AR,1.21E+08,2116,57.08884688,1208,576,332,41897,22428,2495,2116,379,587,352,95,113,71,26.98863636,32.10227273,20.17045455,42.2,2.54,5427,3760,647,2342,771,82.79255319,79.49468085,20.50531915,1448,959,32,457,4166,2387,2116,0,5427,4837,10,0,20,422,138,0.1842638659,0,7.775935139,7.960199005,5427,384,1009,274,1081,917,825,937,7.075732449,18.59222406,5.048829924,25.66795651,30.71678644,17.26552423
banked,Adjuntas,2019,PR,1.36E+08,5771,92.61826373,5345,354,72,82103,0,7586,5771,1815,1191,2346,567,212,350,24.16879795,9.036658142,14.91901108,199.4,18.62,17891,12549,4352,4904,3293,65.31994581,73.75886525,26.24113475,4834,3151,743,940,14696,5853,5681,90,17891,53,182,32,2,13075,4547,1.017271254,0.1788608798,73.08143759,74.27756973,17891,803,2891,1648,3106,3589,2520,3334,4.488290202,16.15896261,9.211335308,20.64725281,29.85858812,18.63506791
banked,Lake View,2019,SC,7.71E+07,1465,67.57679181,990,250,225,30881,18442,1915,1465,450,495,485,102,68,42,21.03092784,14.02061856,8.659793814,31.3,2.51,3848,2950,630,1804,516,78.6440678,82.50847458,17.49152542,776,518,6,252,3233,1596,1398,67,3848,2290,1166,14,0,11,367,30.3014553,0.3638253638,0.2858627859,30.95114345,3848,159,582,157,636,672,573,1069,4.132016632,15.12474012,4.08004158,19.25675676,23.33679834,27.78066528
banked,Greentown,2019,PA,1.26E+08,1906,49.00314795,934,581,391,50720,30508,4309,1906,2403,914,374,69,139,127,18.44919786,37.1657754,33.95721925,41.4,2.21,4225,3199,183,2172,844,94.27946233,73.61675524,26.38324476,815,552,66,197,3542,1865,1906,0,4225,3854,63,29,0,243,36,1.49112426,0.6863905325,5.75147929,7.928994083,4225,308,460,258,641,806,805,947,7.289940828,10.88757396,6.106508876,18.17751479,24.28402367,22.41420118
banked,Kirby,2019,AR,5.89E+07,910,49.12087912,447,297,166,50870,23548,1527,910,617,555,80,13,5,9,16.25,6.25,11.25,41,2.41,2193,1589,152,1053,384,90.43423537,75.83385777,24.16614223,590,328,25,237,1913,1091,910,0,2193,2131,0,10,0,32,20,0,0.455996352,1.459188326,1.915184679,2193,57,295,252,256,480,331,522,2.599179207,13.45189238,11.49110807,16.05107159,27.54217966,23.80300958
underbanked,Ho-Ho-Kus,2019,NJ,3.80E+08,1438,10.29207232,148,100,1190,216875,91250,1567,1438,129,3294,116,116,0,0,100,0,0,18.3,2.84,4094,2718,59,280,2379,97.82928624,12.47240618,87.52759382,1175,1058,82,35,2919,2052,1438,0,4094,3311,13,0,507,181,82,0.3175378603,0,4.421104055,4.738641915,4094,267,980,129,381,1053,697,587,6.52173913,23.93746947,3.150952614,30.4592086,33.61016121,14.33805569
underbanked,Lake Tapawingo,2019,MO,2.40E+08,2458,19.32465419,475,1078,905,84491,43455,2593,2458,135,1197,377,330,43,0,87.5331565,11.40583554,0,22.1,2.59,6355,4425,116,2266,2043,97.37853107,53.83050847,46.16949153,1664,1139,202,323,4897,3620,2458,0,6355,5476,297,0,47,300,235,4.673485445,0,4.720692368,9.394177813,6355,395,1210,325,1250,1269,979,927,6.215578285,19.04012589,5.114083399,25.25570417,30.36978757,14.58693942
underbanked,Brimley,2019,MI,1.49E+08,1986,44.96475327,893,642,451,56983,27720,2789,1986,803,682,452,335,60,43,74.11504425,13.27433628,9.513274336,15.8,2.57,5105,3360,230,1957,1173,93.1547619,65.08928571,34.91071429,1613,835,283,495,4203,2720,1973,13,5105,3122,122,1305,45,74,437,2.389813908,25.56317336,1.449559256,29.40254652,5105,236,824,685,688,1046,731,895,4.622918707,16.1410382,13.41821743,20.7639569,34.18217434,17.53183154
underbanked,Maryland Heights,2019,MO,6.56E+08,7966,32.34998745,2577,3349,2040,281058,145456,8144,7966,178,4209,2404,1780,247,337,74.04326123,10.27454243,14.01830283,80.5,9.55,19274,13711,1001,6038,6672,92.69929254,51.33834148,48.66165852,4952,3151,454,1347,15823,10778,7966,0,19274,13173,2724,0,2411,337,629,14.13302895,0,1.748469441,15.88149839,19274,964,2985,1614,4479,3519,2509,3204,5.001556501,15.48718481,8.373975304,20.48874131,28.86271661,16.62343053
underbanked,Glen Elder,2019,KS,4.60E+07,802,54.73815461,439,259,104,44018,26037,1110,802,308,514,141,102,17,0,72.34042553,12.05673759,0,17.1,2.3,1841,1311,69,793,449,94.73684211,65.75133486,34.24866514,460,292,35,133,1493,878,802,0,1841,1732,0,44,17,8,40,0,2.390005432,0.4345464422,2.824551874,1841,100,294,136,219,372,301,419,5.431830527,15.96958175,7.387289517,21.40141228,28.78870179,22.75936991
underbanked,Brush Creek,2019,TN,1.51E+08,1793,47.90853318,859,490,444,55533,30966,2008,1793,215,688,406,285,56,37,70.19704433,13.79310345,9.113300493,22,2.62,4698,3268,272,2184,812,91.67686659,75.15299878,24.84700122,1280,895,117,268,3745,2670,1793,0,4698,4388,108,53,13,74,62,2.298850575,1.128139634,1.575138357,5.002128565,4698,246,857,327,943,1085,636,604,5.236270754,18.24180502,6.960408685,23.47807578,30.43848446,12.8565347
underbanked,Brooklyn,2019,WI,2.60E+08,2559,25.98671356,665,866,1028,86130,39487,2672,2559,113,1275,447,313,51,52,70.02237136,11.40939597,11.63310962,21.6,2.6,6647,4649,220,2441,1988,95.26779953,57.23811572,42.76188428,1776,1273,162,341,5273,4069,2554,5,6647,6217,71,34,21,150,154,1.068151046,0.5115089514,2.256657139,3.836317136,6647,376,1184,438,1236,1443,1082,888,5.656687227,17.81254701,6.589438845,23.46923424,30.05867309,13.35941026
underbanked,Boonton,2019,NJ,9.99E+08,7578,21.87912378,1658,2166,3754,418865,190229,8077,7578,499,7369,4033,2811,564,526,69.6999752,13.98462683,13.0424002,107.1,10.03,18822,13748,596,3984,9168,95.66482397,33.31393657,66.68606343,4604,3236,699,669,15741,11312,7567,11,18822,11099,621,0,4899,1434,769,3.299330571,0,7.618744023,10.91807459,18822,760,2767,1547,4033,4105,2775,2835,4.037828074,14.70088195,8.219105302,18.73871002,26.95781532,15.0621613
underbanked,Birmingham,2019,MO,1.22E+08,1460,29.65753425,433,625,402,69890,38243,1487,1460,27,1036,425,294,35,70,69.17647059,8.235294118,16.47058824,19.3,2.69,3922,2546,136,1613,797,94.65828751,68.69599372,31.30400628,1277,824,112,341,3002,2142,1453,7,3922,2864,453,25,8,209,363,11.55022947,0.6374298827,5.328913819,17.51657318,3922,188,801,387,894,798,367,487,4.793472718,20.42325344,9.867414584,25.21672616,35.08414074,12.41713412
underbanked,Chaffee,2019,MO,1.05E+08,1464,51.43442623,753,459,252,47813,22843,1730,1464,266,679,434,295,81,15,67.97235023,18.66359447,3.456221198,21.4,2.67,3966,2636,328,1805,503,87.5569044,80.91805766,19.08194234,1078,674,73,331,3027,1954,1464,0,3966,3830,126,0,0,0,10,3.177004539,0,0,3.177004539,3966,323,685,322,651,733,593,659,8.14422592,17.27181039,8.119011599,25.41603631,33.53504791,16.61623802
underbanked,Aberdeen,2019,NC,2.62E+08,3488,40.94036697,1428,1404,656,57839,30479,3921,3488,433,962,1212,817,170,214,67.40924092,14.02640264,17.65676568,23.2,2.48,8854,5959,516,2364,3079,91.340829,48.33025675,51.66974325,2421,1608,352,461,6863,4459,3488,0,8854,5885,1967,80,154,518,250,22.21594759,0.9035464197,5.850463068,28.96995708,8854,706,1502,687,2186,1304,992,1477,7.973797154,16.96408403,7.759204879,24.93788118,32.69708606,16.68172577
underbanked,Bringhurst,2019,IN,1.38E+08,2027,44.89393192,910,811,306,109663,62144,2283,2027,256,1505,425,285,43,25,67.05882353,10.11764706,5.882352941,39.1,5.26,5337,3548,383,2356,809,89.20518602,77.19842165,22.80157835,1586,937,123,526,4217,2615,2027,0,5337,5140,163,0,0,3,31,3.054150272,0,0.05621135469,3.110361626,5337,357,934,498,927,907,816,898,6.689151209,17.50046843,9.331084879,24.18961964,33.52070452,16.82593217
underbanked,Apalachin,2019,NY,3.36E+08,3443,28.69590473,988,1097,1358,169519,72822,3624,3443,181,1937,519,338,63,87,65.12524085,12.13872832,16.76300578,47.2,5.02,8654,6209,272,2920,3017,95.61926236,51.40924464,48.59075536,2155,1484,315,356,7127,4595,3443,0,8654,8210,57,0,73,98,216,0.6586549572,0,1.132424312,1.79107927,8654,427,1335,683,1243,1913,1403,1650,4.934134504,15.42639242,7.892304137,20.36052692,28.25283106,19.06632771
underbanked,Forty Fort,2019,PA,1.40E+08,1764,36.2244898,639,654,471,70370,35484,1963,1764,199,882,537,346,87,104,64.4320298,16.20111732,19.36685289,21.5,2.3,4069,3026,171,1602,1253,94.34897555,58.59220093,41.40779907,892,547,219,126,3480,2448,1764,0,4069,3747,28,0,0,172,122,0.6881297616,0,4.227082821,4.915212583,4069,171,533,339,798,822,652,754,4.202506758,13.09904153,8.331285328,17.30154829,25.63283362,18.53035144
underbanked,Hayfield,2019,MN,1.23E+08,1448,33.21823204,481,521,446,71071,38663,1520,1448,72,1016,260,167,39,40,64.23076923,15,15.38461538,25,2.51,3682,2531,111,1398,1022,95.61438167,59.62070328,40.37929672,1072,756,69,247,2904,2079,1433,15,3682,3552,33,0,7,31,59,0.8962520369,0,0.8419337317,1.738185769,3682,170,699,282,661,701,541,628,4.617055948,18.98424769,7.658881043,23.60130364,31.26018468,17.05594785
underbanked,Carlyle,2019,IL,2.22E+08,2876,38.69958275,1113,995,768,138758,64847,3608,2876,732,1657,587,375,62,86,63.88415673,10.56218058,14.65076661,42.6,5.15,7207,5122,525,2822,1775,89.75009762,65.34556814,34.65443186,1977,1240,162,575,6054,4027,2864,12,7207,6808,55,75,66,88,115,0.7631469405,1.040654919,1.221035105,3.024836964,7207,226,1123,736,1034,1618,1046,1424,3.135840155,15.58207298,10.2122936,18.71791314,28.93020674,19.75856806
underbanked,Medina,2019,TN,2.13E+08,2315,26.0475162,603,868,844,83750,36880,2464,2315,149,1246,653,417,100,93,63.85911179,15.31393568,14.24196018,24.9,2.98,6902,4128,292,1757,2079,92.92635659,49.63662791,50.36337209,2488,1837,274,377,4812,3412,2310,5,6902,5942,620,48,20,119,153,8.982903506,0.695450594,1.724137931,11.40249203,6902,550,1827,397,1819,1215,604,490,7.968704723,26.47058824,5.751955955,34.43929296,40.19124891,7.099391481
underbanked,Millville,2019,MN,1.22E+08,1355,30.11070111,408,482,465,74099,36731,1447,1355,92,1059,259,164,34,23,63.32046332,13.12741313,8.88030888,19.4,2.55,3451,2259,160,1207,892,92.91722001,60.51350155,39.48649845,1061,635,127,299,2737,2020,1350,5,3451,3271,6,8,23,45,98,0.1738626485,0.2318168647,1.303969864,1.709649377,3451,205,619,368,512,719,508,520,5.940307157,17.9368299,10.66357578,23.87713706,34.54071284,15.0680962
underbanked,Baldwin,2019,WI,2.51E+08,3348,37.96296296,1271,1283,794,66630,35593,3518,3348,170,1038,895,561,172,113,62.68156425,19.21787709,12.62569832,25.5,2.43,8216,5528,334,3070,2124,93.95803184,61.57742402,38.42257598,2331,1575,179,577,6363,4536,3346,2,8216,7827,39,21,36,224,69,0.4746835443,0.2555988315,2.726387537,3.456669912,8216,576,1472,640,1641,1488,1187,1212,7.010710808,17.91626095,7.789678676,24.92697176,32.71665044,14.75170399
underbanked,Burnham,2019,PA,4.83E+07,837,48.6260454,407,290,140,50846,29722,955,837,118,713,304,187,80,22,61.51315789,26.31578947,7.236842105,19.9,2.27,1906,1366,127,938,301,90.70278184,77.96486091,22.03513909,484,344,3,137,1546,1039,837,0,1906,1879,22,0,0,0,5,1.154249738,0,0,1.154249738,1906,108,307,125,352,376,303,335,5.666316894,16.10703043,6.558237146,21.77334732,28.33158447,17.57607555
underbanked,Martins Ferry,2019,OH,2.79E+08,4605,55.93919653,2576,1394,635,165043,101431,5683,4605,1078,2126,1547,943,210,147,60.95669037,13.57466063,9.502262443,90.8,9.42,11103,8089,1027,5179,1883,87.30374583,76.72147361,23.27852639,2617,1714,104,799,9131,5373,4597,8,11103,9817,838,19,0,106,323,7.547509682,0.1711249212,0.9546969288,8.673331532,11103,739,1440,835,2175,2086,1694,2134,6.655858777,12.96946771,7.520489958,19.62532649,27.14581645,19.22003062
underbanked,Durand,2019,WI,1.16E+08,1610,45.96273292,740,515,355,52196,29395,1743,1610,133,727,362,220,59,31,60.77348066,16.29834254,8.563535912,21,2.4,3921,2718,302,1538,878,88.88888889,67.69683591,32.30316409,1032,637,60,335,3092,1916,1600,10,3921,3749,13,6,11,96,46,0.3315480745,0.1530221882,2.448355011,2.932925274,3921,280,617,306,669,656,639,754,7.14103545,15.73578169,7.804131599,22.87681714,30.68094874,19.22978832
underbanked,Alma,2019,KS,1.92E+08,2744,39.32215743,1079,1151,514,121686,60663,3294,2744,550,1559,399,240,43,39,60.15037594,10.77694236,9.77443609,42.1,4.9,6889,4724,218,2901,1605,95.38526672,66.02455546,33.97544454,1925,1284,163,478,5463,3476,2743,1,6889,6349,37,43,88,188,184,0.5370881115,0.6241834809,2.728988242,3.890259835,6889,406,1234,525,957,1291,1131,1345,5.893453331,17.91261431,7.620844825,23.80606764,31.42691247,19.52387865
underbanked,Archer,2019,FL,6.53E+08,5463,26.54219293,1450,1744,2269,171733,81216,5998,5463,535,2147,640,383,54,99,59.84375,8.4375,15.46875,35.4,5.77,15577,10665,706,3595,6364,93.38021566,40.32817628,59.67182372,4405,3161,496,748,12160,7987,5463,0,15577,11681,1494,44,1005,828,525,9.591063748,0.2824677409,5.315529306,15.18906079,15577,1135,2790,987,3010,3214,1971,2470,7.286383771,17.91102266,6.336265006,25.19740643,31.53367144,15.85671182
underbanked,Glenshaw,2019,PA,5.13E+08,5633,30.55210367,1721,2023,1889,218623,119133,6066,5633,433,3193,758,444,132,143,58.57519789,17.41424802,18.86543536,71.6,6.43,12332,9740,308,4209,5223,96.83778234,46.37577002,53.62422998,2126,1383,316,427,10565,7397,5633,0,12332,11953,30,0,109,29,211,0.2432695427,0,0.2351605579,0.4784301006,12332,677,1289,626,2827,2136,1936,2841,5.489782679,10.45248135,5.076224457,15.94226403,21.01848849,23.03762569
underbanked,Kingsland,2019,GA,6.39E+08,7546,44.97747151,3394,2449,1703,107004,62211,7988,7546,442,1879,3481,2033,625,742,58.40275783,17.95461074,21.31571388,51.4,5.38,20499,12382,1134,7470,3778,90.84154418,69.4879664,30.5120336,7319,4586,521,2212,15537,10982,7513,33,20499,13440,4031,183,877,655,1313,19.66437387,0.8927264745,3.195277818,23.75237816,20499,1373,4144,2600,5288,3433,2013,1648,6.697887702,20.21562027,12.68354554,26.91350798,39.59705351,8.039416557
underbanked,Dorchester,2019,WI,1.31E+08,1921,46.53826132,894,630,397,52188,30160,2044,1921,123,746,603,351,131,74,58.20895522,21.72470978,12.27197347,21.3,2.51,4950,3109,483,1913,713,84.46445803,77.06658089,22.93341911,1618,1046,55,517,3713,2506,1914,7,4950,4038,63,0,16,576,257,1.272727273,0,11.63636364,12.90909091,4950,369,1032,440,842,859,600,808,7.454545455,20.84848485,8.888888889,28.3030303,37.19191919,16.32323232
underbanked,Carlisle,2019,IA,3.88E+08,4734,36.73426278,1739,1667,1328,145921,77744,5006,4734,272,2344,757,439,93,215,57.99207398,12.28533686,28.4015852,43.1,5.61,13195,8000,706,4521,2773,91.175,65.3375,34.6625,4646,2941,334,1371,9890,7348,4699,35,13195,9102,901,77,1072,1156,887,6.82834407,0.5835543767,8.760894278,16.17279272,13195,948,2740,1507,2452,2776,1371,1401,7.184539598,20.76544146,11.4209928,27.94998105,39.37097385,10.6176582
underbanked,Boonville,2019,MO,2.22E+08,3475,50.67625899,1761,1149,565,150576,78896,4003,3475,528,2170,1192,691,234,173,57.96979866,19.63087248,14.51342282,73.1,7.16,9824,7179,885,4101,2193,87.67237777,69.45257,30.54743,2267,1494,219,554,8190,4154,3468,7,9824,7931,974,58,67,123,671,9.914495114,0.5903908795,1.252035831,11.75692182,9824,555,1259,831,2485,1656,1362,1676,5.649429967,12.81555375,8.458876221,18.46498371,26.92385993,17.06026059
underbanked,Baxter Springs,2019,KS,9.34E+07,1681,59.25044616,996,440,245,37188,20709,2106,1681,425,659,580,336,86,85,57.93103448,14.82758621,14.65517241,26.5,2.65,4509,2817,282,1670,865,89.98935037,69.29357472,30.70642528,1547,1232,106,209,3319,1815,1670,11,4509,3764,5,122,16,152,450,0.1108893324,2.705699712,3.371035706,6.18762475,4509,243,1165,284,858,616,611,732,5.389221557,25.83721446,6.298514083,31.22643602,37.5249501,16.23419827
underbanked,Aledo,2019,IL,2.49E+08,3378,37.30017762,1260,1309,809,122194,65874,3828,3378,450,1501,863,499,154,131,57.82155272,17.84472769,15.17960603,47.9,4.7,8183,5847,437,3697,1713,92.52608175,70.70292458,29.29707542,2051,1405,178,468,6668,4095,3378,0,8183,7744,98,2,55,183,101,1.19760479,0.02444091409,2.236343639,3.458389344,8183,440,1283,613,1237,1584,1162,1864,5.3770011,15.67884639,7.491140169,21.05584749,28.54698766,22.77893193
underbanked,Ashburnham,2019,MA,2.45E+08,2031,18.75923191,381,688,962,95625,41660,2589,2031,558,1603,173,100,21,23,57.80346821,12.13872832,13.29479769,20.5,2.98,6281,4239,109,1939,2191,97.42863883,48.31328143,51.68671857,1849,1268,257,324,4908,3647,2031,0,6281,6026,71,0,17,89,78,1.130393249,0,1.41697182,2.547365069,6281,490,1051,501,1176,1138,1096,829,7.801305525,16.7330043,7.976436873,24.53430982,32.5107467,13.19853527
underbanked,Anthony,2019,KS,9.22E+07,1499,47.49833222,712,584,203,96432,49674,2101,1499,602,1267,502,289,57,63,57.56972112,11.35458167,12.5498008,41.7,4.85,3745,2507,254,1635,618,89.86836857,75.34902274,24.65097726,1014,729,35,250,2886,1591,1497,2,3745,3464,2,49,21,170,39,0.05340453939,1.308411215,4.539385848,5.901201602,3745,318,640,280,578,539,525,865,8.491321762,17.0894526,7.476635514,25.58077437,33.05740988,23.09746328
underbanked,Fountain Hills,2019,AZ,1.48E+09,11918,27.59691223,3289,3721,4908,356453,179273,14539,11918,2621,5518,2531,1454,513,363,57.44764915,20.26866851,14.34215725,109.2,8.35,24729,21340,669,8000,12671,96.86504217,40.62324274,59.37675726,3045,2126,239,680,22432,11727,11752,166,24729,22545,89,62,617,963,453,0.3599013304,0.2507177807,3.894213272,4.504832383,24729,552,2067,770,2398,4516,5030,9396,2.232197016,8.358607303,3.113753083,10.59080432,13.7045574,37.99587529
underbanked,Adrian,2019,MN,9.84E+07,1248,41.18589744,514,474,260,59554,30091,1384,1248,136,688,208,119,16,40,57.21153846,7.692307692,19.23076923,22.1,2.47,3111,2079,142,1353,584,93.16979317,71.90957191,28.09042809,889,584,82,223,2460,1679,1247,1,3111,2847,7,13,49,134,61,0.225008036,0.4178720669,4.307296689,4.950176792,3111,218,517,297,482,574,452,571,7.007393121,16.61845066,9.546769527,23.62584378,33.17261331,18.35422694
underbanked,Bradley,2019,ME,1.26E+08,1955,42.35294118,828,738,389,54774,28876,2293,1955,338,901,422,241,84,55,57.10900474,19.90521327,13.03317536,19.8,2.41,4706,3493,156,2097,1240,95.53392499,64.50042943,35.49957057,960,644,56,260,3926,2660,1952,3,4706,4494,0,120,5,53,34,0,2.549936252,1.126221844,3.676158096,4706,408,499,306,1261,917,649,666,8.669783255,10.60348491,6.502337442,19.27326817,25.77560561,14.1521462
underbanked,Hillsboro,2019,TN,1.26E+08,1798,51.0567297,918,632,248,49421,26187,1964,1798,166,645,391,221,53,64,56.52173913,13.55498721,16.36828645,25.1,2.72,4910,3401,676,2056,669,80.12349309,80.32931491,19.67068509,1326,863,32,431,3887,2356,1753,45,4910,4390,6,0,11,111,392,0.1221995927,0,2.260692464,2.382892057,4910,336,830,343,1030,978,605,788,6.843177189,16.90427699,6.985743381,23.74745418,30.73319756,16.04887984
underbanked,Bourbonnais,2019,IL,9.09E+08,9702,33.65285508,3265,2895,3542,374933,158650,10805,9702,1103,5852,2690,1518,591,545,56.43122677,21.97026022,20.26022305,121.6,13.48,28893,17742,984,9262,7496,94.45383835,57.74997182,42.25002818,10189,5092,3127,1970,23361,15047,9702,0,28893,22938,2707,0,609,1764,875,9.369051327,0,6.105285017,15.47433634,28893,1522,4698,4931,4886,5433,3475,3948,5.267711903,16.25999377,17.06641747,21.52770567,38.59412314,13.66420932
underbanked,Bakers Mills,2019,NY,6.05E+07,1004,52.68924303,529,298,177,47750,24726,1934,1004,930,798,203,114,43,9,56.15763547,21.18226601,4.433497537,24.2,2.24,2333,1776,206,960,610,88.4009009,65.65315315,34.34684685,492,322,60,110,1984,992,1004,0,2333,2210,10,0,17,5,91,0.4286326618,0,0.2143163309,0.6429489927,2333,98,295,164,260,350,573,593,4.200600086,12.64466352,7.029575654,16.84526361,23.87483926,25.41791685
underbanked,Hancock,2019,NH,9.00E+07,781,29.0653009,227,257,297,69609,38005,932,781,151,1301,98,55,14,20,56.12244898,14.28571429,20.40816327,26,2.24,1747,1391,29,466,896,97.91516894,35.58590942,64.41409058,332,253,9,70,1513,985,781,0,1747,1652,5,0,5,49,36,0.2862049227,0,2.804808243,3.091013165,1747,40,225,91,113,373,353,552,2.289639382,12.87922152,5.208929594,15.1688609,20.3777905,31.59702347
underbanked,Arlington,2019,VT,8.91E+07,1057,38.69441816,409,426,222,60493,32972,1398,1057,341,1211,229,127,62,15,55.45851528,27.07423581,6.550218341,21.6,2.52,2662,1987,140,984,863,92.95420232,56.56768998,43.43231002,599,481,10,108,2114,1258,1046,11,2662,2505,0,0,81,59,17,0,0,2.216378663,2.216378663,2662,173,439,63,472,525,407,583,6.498873028,16.49135988,2.366641623,22.99023291,25.35687453,21.90082645
underbanked,Bath,2019,NY,3.09E+08,5192,58.93682589,3060,1442,690,120525,70497,6046,5192,854,1987,1933,1072,445,268,55.45783756,23.02121055,13.86445939,90.3,6.51,12029,8856,1176,5211,2469,86.72086721,72.12059621,27.87940379,2839,1922,110,807,9922,4931,5192,0,12029,10950,526,34,104,209,206,4.372765816,0.2826502619,1.737467786,6.392883864,12029,520,1795,858,1998,2194,2190,2474,4.322886358,14.92227118,7.132762491,19.24515754,26.37792003,20.56696317
underbanked,Buchanan,2019,VA,1.27E+08,1774,40.52987599,719,712,343,60119,30751,2158,1774,384,749,368,204,37,9,55.43478261,10.05434783,2.445652174,19.5,2.45,4346,3120,437,1910,773,85.99358974,75.22435897,24.77564103,1144,768,119,257,3559,2193,1762,12,4346,4069,114,13,0,11,139,2.623101703,0.2991256328,0.2531063046,3.17533364,4346,207,666,353,605,877,734,904,4.76300046,15.32443626,8.122411413,20.08743672,28.20984814,20.80073631
underbanked,Milton,2019,NY,1.42E+08,1670,35.4491018,592,535,543,73068,36829,1871,1670,201,1233,602,330,123,134,54.81727575,20.43189369,22.25913621,28.2,2.34,3909,3048,130,1485,1433,95.73490814,52.9855643,47.0144357,756,497,76,183,3363,2126,1652,18,3909,3392,93,0,0,327,97,2.379125096,0,8.365310821,10.74443592,3909,206,468,187,892,705,688,763,5.269889997,11.97237145,4.783832182,17.24226145,22.02609363,19.51905858
underbanked,Ashburn,2019,VA,3.74E+09,22644,12.1533298,2752,4706,15186,1791215,833832,23474,22644,830,29964,6310,3455,1451,1055,54.75435816,22.99524564,16.71949287,339.7,37.25,65967,43034,1650,10713,30671,96.16582237,28.72844727,71.27155273,20856,15513,2358,2985,49909,36974,22571,73,65967,36466,4803,146,14658,5237,4657,7.280913184,0.2213227826,7.938817894,15.44105386,65967,4211,13977,4745,13607,15595,6450,7382,6.383494778,21.18786666,7.192990435,27.57136144,34.76435187,11.19044371
underbanked,La Valle,2019,WI,1.45E+08,1827,36.12479475,660,679,488,64519,31963,2689,1827,862,980,273,149,21,44,54.57875458,7.692307692,16.11721612,22.3,2.61,4842,3447,316,2069,1062,90.83260806,69.19060052,30.80939948,1264,897,73,294,3858,2442,1776,51,4842,4632,11,0,6,30,163,0.2271788517,0,0.6195786865,0.8467575382,4842,246,864,285,836,836,771,1004,5.080545229,17.84386617,5.885997522,22.9244114,28.81040892,20.73523337
underbanked,Sandy Springs,2019,GA,2.84E+09,23687,30.53995863,7234,8196,8257,917060,465387,25854,23687,2167,16303,13528,7380,3181,2640,54.55351863,23.51419279,19.51507983,261.6,23.8,55045,38263,2634,10326,25303,93.11606513,33.87084128,66.12915872,14544,9098,2163,3283,44892,33698,23669,18,55045,27703,12793,1427,2993,6872,3257,23.24098465,2.59242438,12.484331,38.31774003,55045,3506,7988,5288,16223,10487,6139,5414,6.369334181,14.5117631,9.606685439,20.88109728,30.48778272,9.835589063
underbanked,Cedar Springs,2019,MI,2.96E+08,3991,41.39313455,1652,1251,1088,126307,64340,4263,3991,272,1874,671,366,159,130,54.54545455,23.69597615,19.37406855,63,5.3,10643,6992,523,4339,2130,92.52002288,69.53661327,30.46338673,3043,2095,207,741,8202,5622,3991,0,10643,9769,119,0,83,304,368,1.118105797,0,2.856337499,3.974443296,10643,906,1895,850,2240,2215,1254,1283,8.512637414,17.80513013,7.98646998,26.31776755,34.30423753,12.05487175
underbanked,Beryl,2019,UT,1.11E+08,1291,42.29279628,546,432,313,58887,25365,1596,1291,305,848,235,128,7,82,54.46808511,2.978723404,34.89361702,26.3,3.16,4096,2511,334,1376,801,86.69852648,68.10035842,31.89964158,1442,1135,17,290,2813,1587,1291,0,4096,3270,0,65,71,263,427,0,1.586914063,6.420898438,8.0078125,4096,476,927,182,851,561,551,548,11.62109375,22.63183594,4.443359375,34.25292969,38.69628906,13.37890625
underbanked,Chester Township,2019,PA,3.02E+07,595,70.58823529,420,111,64,34097,24575,674,595,79,691,393,214,63,110,54.45292621,16.03053435,27.98982188,28.8,2.09,1245,848,122,575,151,85.61320755,82.19339623,17.80660377,370,301,37,32,1003,609,595,0,1245,145,1004,0,0,17,79,80.64257028,0,1.365461847,82.00803213,1245,52,268,77,213,214,217,204,4.176706827,21.52610442,6.184738956,25.70281124,31.8875502,16.38554217
underbanked,Ambler,2019,PA,9.91E+08,6967,24.75958088,1725,1896,3346,526315,238605,7118,6967,151,7556,2337,1272,653,362,54.42875481,27.94180573,15.48994437,127.3,12.58,18473,13103,636,4408,8059,95.14614974,38.49500114,61.50499886,4841,3635,578,628,14855,10604,6931,36,18473,13934,1188,26,1432,1164,729,6.431007416,0.1407459536,6.301088074,12.87284144,18473,913,3304,1153,3471,3950,2729,2953,4.942348292,17.88556271,6.24154171,22.82791101,29.06945271,15.98549234
underbanked,Fargo,2019,ND,3.21E+09,43221,49.47826288,21385,13045,8791,1230408,691282,47480,43221,4259,19541,24130,12989,5305,5188,53.82925818,21.98508081,21.50020721,679.7,48.53,95399,59753,4055,25753,29945,93.21372985,49.8853614,50.1146386,32008,12875,10668,8465,78929,56994,42944,277,95399,76864,7543,1454,3707,2247,3584,7.906791476,1.524124991,2.355370601,11.78628707,95399,6072,12153,17421,22931,14046,10329,12447,6.364846592,12.73912724,18.26119771,19.10397384,37.36517154,13.04730658
underbanked,Farmington,2019,AR,3.54E+08,4611,45.49989156,2098,1209,1304,54295,31912,4929,4611,318,947,2076,1114,366,494,53.66088632,17.6300578,23.79576108,27.6,2.45,11279,6982,642,3041,3299,90.80492696,52.74992839,47.25007161,3731,1639,1315,777,9184,6750,4611,0,11279,8541,625,158,610,171,1174,5.541271389,1.400833407,1.516091852,8.458196649,11279,869,1446,1982,3091,1532,1065,1294,7.70458374,12.82028549,17.57247983,20.52486923,38.09734906,11.47264828
underbanked,Belton,2019,MO,7.32E+08,9315,36.45732689,3396,3642,2277,334620,162174,10028,9315,713,5261,2900,1537,721,574,53,24.86206897,19.79310345,130.2,13.17,24369,16398,1606,9917,4875,90.2061227,70.27076473,29.72923527,7252,5141,168,1943,18801,12714,9313,2,24369,20310,886,130,212,1637,1194,3.635766753,0.5334646477,6.717550987,10.88678239,24369,1237,4862,1872,4786,4561,3054,3997,5.076121302,19.95157782,7.681890927,25.02769913,32.70959005,16.40198613
underbanked,Centreville,2019,VA,2.98E+09,21135,15.62810504,3303,5407,12425,1759773,731040,22124,21135,989,30570,6367,3372,1338,1236,52.96057798,21.01460657,19.4125962,338.6,42.46,64648,43206,2954,12856,27396,93.16298662,36.59213998,63.40786002,19043,12442,2945,3656,50658,38847,21100,35,64648,28913,5494,152,18954,6195,4940,8.498329415,0.2351194159,9.582663037,18.31611187,64648,4263,11301,5878,14794,14500,8184,5728,6.594171513,17.48081921,9.092315308,24.07499072,33.16730603,8.860289568
underbanked,Bismarck,2019,AR,1.27E+08,2354,56.71197961,1335,819,200,45996,22181,2790,2354,436,648,237,124,86,10,52.32067511,36.28691983,4.219409283,29.2,2.63,6202,4430,700,2728,1002,84.1986456,77.38148984,22.61851016,1648,1369,88,191,5018,2612,2342,12,6202,5544,276,0,9,161,212,4.450177362,0,2.595936795,7.046114157,6202,227,1250,295,1173,1132,917,1208,3.660109642,20.15478878,4.756530152,23.81489842,28.57142857,19.47758787
underbanked,Argos,2019,IN,1.20E+08,1799,42.63479711,767,682,350,57083,28259,1996,1799,197,825,390,203,52,52,52.05128205,13.33333333,13.33333333,23,2.81,5051,3250,383,2198,669,88.21538462,79.41538462,20.58461538,1635,1158,55,422,3813,2581,1799,0,5051,4844,36,0,24,78,69,0.7127301524,0,1.544248664,2.256978816,5051,266,1120,415,775,1047,695,733,5.266283904,22.17382696,8.216194813,27.44011087,35.65630568,14.51197783
underbanked,Castaic,2019,CA,8.52E+08,5745,12.44560487,715,1494,3536,599178,241006,5881,5745,136,12049,529,275,131,93,51.98487713,24.7637051,17.58034026,138,17.52,25197,16938,2856,7865,6217,83.13850514,63.29554847,36.70445153,7518,4793,1191,1534,20637,10509,5745,0,25197,11053,1779,519,2092,5881,3873,7.060364329,2.05976902,23.34008017,32.46021352,25197,1260,3943,3056,6090,5385,3479,1984,5.000595309,15.64868834,12.12842799,20.64928364,32.77771163,7.873953248
underbanked,Caro,2019,MI,2.37E+08,3987,55.02884374,2194,1157,636,86524,47755,4469,3987,482,1387,995,517,176,199,51.95979899,17.68844221,20,52.4,4.52,9331,6716,851,4281,1584,87.32876712,76.41453246,23.58546754,2364,1612,179,573,7653,4169,3969,18,9331,8781,56,31,0,297,166,0.6001500375,0.3322259136,3.182938592,4.115314543,9331,420,1518,677,1523,1820,1394,1979,4.501125281,16.2683528,7.255385275,20.76947808,28.02486336,21.20887365
underbanked,Akron,2019,CO,1.36E+08,2087,49.9281265,1042,648,397,102327,58771,2373,2087,286,1303,691,359,72,100,51.9536903,10.41968162,14.47178003,44.1,4.38,4868,3390,275,2249,866,91.8879056,74.45427729,25.54572271,1300,902,41,357,3904,2341,2077,10,4868,4232,63,6,29,409,129,1.294165982,0.123253903,8.401807724,9.819227609,4868,253,858,367,865,807,741,977,5.197206245,17.62530813,7.539030403,22.82251438,30.36154478,20.06984388
underbanked,Harrisburg,2019,PA,4.91E+09,63378,42.34276878,26836,21010,15532,2009587,1132533,70770,63378,7392,36151,26615,13797,5681,6061,51.83918843,21.34510614,22.77287244,1011,83.69,155163,105877,11299,52075,42503,89.3281827,59.85624829,40.14375171,42769,27494,4018,11257,122908,81431,63169,209,155163,81988,45135,397,8947,8755,9941,29.08876472,0.2558599666,5.64245342,34.9870781,155163,10592,25497,13197,32362,28958,20213,24344,6.826369689,16.4323969,8.505249318,23.25876659,31.76401591,15.68930737
underbanked,Montague,2019,MI,1.51E+08,2144,38.19962687,819,942,383,125625,60627,2674,2144,530,1532,435,225,119,47,51.72413793,27.35632184,10.8045977,55.7,5.06,5349,3806,210,2263,1333,94.48239622,64.97635313,35.02364687,1389,1011,49,329,4292,2394,2125,19,5349,4751,45,81,0,357,115,0.8412787437,1.514301739,6.6741447,9.029725182,5349,309,927,307,896,944,789,1177,5.776780707,17.33034212,5.73939054,23.10712283,28.84651337,22.00411292
underbanked,Fairbanks,2019,AK,2.52E+09,24698,31.05919508,7671,8090,8937,1012650,520979,30692,24698,5994,16993,9081,4681,2027,1640,51.54718643,22.32133025,18.05968506,376.1,34.2,62931,42461,2478,22327,17656,94.16405643,58.41831328,41.58168672,17940,9976,2668,5296,50564,35218,22544,2154,62931,43295,1966,6315,2372,2686,6297,3.124056506,10.03480002,4.268166722,17.42702325,62931,4271,9352,6847,14725,11247,8637,7852,6.786798239,14.86072047,10.88017035,21.64751871,32.52768906,12.47715752
underbanked,Carriere,2019,MS,5.89E+08,8367,42.94251225,3593,2708,2066,176338,83135,10021,8367,1654,2449,1211,623,136,213,51.44508671,11.23038811,17.58876961,91.8,8.24,22818,15499,2172,8425,4902,85.98619266,68.37215304,31.62784696,6597,4446,685,1466,17853,9971,8307,60,22818,20220,1351,315,120,448,364,5.920764309,1.380489088,1.963362258,9.264615654,22818,1363,4103,1853,3757,4589,3033,4120,5.973354369,17.98141818,8.120781839,23.95477255,32.07555439,18.05592076
underbanked,Adel,2019,IA,3.88E+08,3628,28.58324146,1037,1042,1549,170085,87150,3805,3628,177,2317,639,328,157,97,51.33020344,24.56964006,15.1799687,48.9,5.19,9433,6145,216,2815,3114,96.48494711,49.32465419,50.67534581,2845,2153,139,553,6934,5152,3625,3,9433,8953,46,36,121,99,178,0.4876497403,0.3816389272,1.04950705,1.918795717,9433,746,1981,561,1854,1796,1136,1359,7.908406657,21.00074208,5.947206615,28.90914873,34.85635535,14.4068695
underbanked,Fort Payne,2019,AL,4.73E+08,7944,57.1878147,4543,2255,1146,227853,120204,9423,7944,1479,3372,2182,1118,462,280,51.23739688,21.17323556,12.83226398,107.5,13.91,22082,14430,3745,6840,3845,74.04712405,73.35412335,26.64587665,6784,4457,584,1743,16970,9988,7941,3,22082,17765,324,238,17,1133,2605,1.467258401,1.077800924,5.130875826,7.675935151,22082,1430,4254,1968,4214,4275,2670,3271,6.475862694,19.26455937,8.91223621,25.74042206,34.65265827,14.81296984
underbanked,Andover,2019,MA,2.45E+09,12801,16.27997813,2084,2376,8341,1065811,418549,13114,12801,313,16691,2389,1218,513,398,50.98367518,21.47341984,16.65969025,171.4,19.05,35816,24143,675,4175,19293,97.20415856,20.08863853,79.91136147,10798,7850,1794,1154,28382,19303,12785,16,35816,27139,958,25,5275,1467,952,2.67478222,0.06980120616,4.095934778,6.840518204,35816,1717,6961,2995,4776,8775,5302,5290,4.793946839,19.43544784,8.362184499,24.22939468,32.59157918,14.76993522
underbanked,Aberdeen,2019,WA,7.12E+08,10422,49.65457686,5175,3335,1912,308743,144483,13011,10422,2589,4837,3902,1986,843,803,50.89697591,21.60430548,20.57919016,183.9,15.29,29114,20690,2193,13380,5117,89.40067666,75.26824553,24.73175447,7442,4826,555,2061,23596,11341,10386,36,29114,22166,720,1042,331,3171,1684,2.473037027,3.579034142,10.89166724,16.94373841,29114,1802,4405,2217,5865,5921,4027,4877,6.189462114,15.13017792,7.614893179,21.31964004,28.93453321,16.75139108
underbanked,Highland,2019,UT,5.10E+08,2823,9.91852639,280,623,1920,279571,67920,3061,2823,238,3924,291,148,49,22,50.85910653,16.83848797,7.560137457,48.4,8.33,11737,5798,95,1692,4011,98.36150397,30.82097275,69.17902725,5617,4207,557,853,7965,5192,2813,10,11737,10894,83,39,197,150,374,0.7071653745,0.3322825253,1.278009713,2.317457613,11737,632,3927,1380,1187,2530,1035,1046,5.384680924,33.45829428,11.75768936,38.84297521,50.60066457,8.911987731
underbanked,Altha,2019,FL,6.27E+07,745,53.95973154,402,217,126,44917,26809,1054,745,309,583,140,71,16,21,50.71428571,11.42857143,15,23.4,3,2232,1462,171,806,485,88.30369357,66.82626539,33.17373461,689,404,122,163,1740,969,743,2,2232,2147,30,18,0,10,27,1.344086022,0.8064516129,0.4480286738,2.598566308,2232,188,399,183,392,314,369,387,8.422939068,17.87634409,8.198924731,26.29928315,34.49820789,17.33870968
underbanked,Ariton,2019,AL,8.17E+07,1347,48.99777283,660,469,218,51250,26395,1895,1347,548,535,223,113,24,46,50.67264574,10.76233184,20.62780269,21.3,2.48,3335,2443,413,1495,535,83.09455587,78.10069587,21.89930413,752,552,62,138,2738,1381,1339,8,3335,2880,195,0,0,57,203,5.847076462,0,1.709145427,7.556221889,3335,171,507,214,545,656,494,748,5.127436282,15.2023988,6.416791604,20.32983508,26.74662669,22.42878561
underbanked,Athena,2019,OR,1.01E+08,1169,31.99315654,374,448,347,70492,34254,1270,1169,101,788,214,108,34,33,50.46728972,15.88785047,15.42056075,24.3,2.63,3089,2144,174,1178,792,91.88432836,63.05970149,36.94029851,898,646,22,230,2501,1415,1169,0,3089,2808,11,109,37,14,110,0.3561022985,3.528650049,0.4532211072,4.337973454,3089,128,598,219,373,678,366,727,4.143735837,19.35901586,7.089673033,23.5027517,30.59242473,23.53512464
underbanked,Cheraw,2019,CO,5.35E+07,706,49.2917847,348,223,135,51136,26674,800,706,94,581,141,71,37,23,50.35460993,26.24113475,16.31205674,28.7,2.22,1608,1118,104,626,388,90.69767442,65.29516995,34.70483005,435,318,14,103,1327,741,706,0,1608,1302,9,23,0,234,40,0.5597014925,1.430348259,14.55223881,16.54228856,1608,103,269,118,219,232,297,370,6.405472637,16.72885572,7.338308458,23.13432836,30.47263682,23.00995025
underbanked,Boscobel,2019,WI,1.04E+08,1694,52.0661157,882,569,243,46838,26416,1922,1694,228,604,469,235,96,91,50.10660981,20.46908316,19.40298507,28.4,2.21,4257,3209,447,1815,947,86.07042692,70.48924899,29.51075101,963,652,52,259,3586,2057,1694,0,4257,3839,279,20,9,70,40,6.553911205,0.4698144233,1.644350482,8.66807611,4257,196,582,270,807,964,646,792,4.604181348,13.67159972,6.342494715,18.27578107,24.61827578,18.60465116
underbanked,Biglerville,2019,PA,2.52E+08,3003,32.16783217,966,1207,830,139397,64116,3259,3003,256,2018,549,275,132,59,50.09107468,24.04371585,10.74681239,45.3,5.3,8053,5554,781,3227,1546,85.93806266,72.16420598,27.83579402,2205,1336,212,657,6577,4554,3003,0,8053,6541,117,0,45,693,657,1.452874705,0,8.605488638,10.05836334,8053,427,1292,780,1367,1624,1172,1391,5.302371787,16.04371042,9.685831367,21.34608221,31.03191357,17.27306594
underbanked,Centerville,2019,PA,1.95E+08,2954,47.1563981,1393,1011,550,114732,55520,3405,2954,451,1350,525,261,51,37,49.71428571,9.714285714,7.047619048,41.2,4.81,7119,5006,394,3147,1465,92.12944467,70.73511786,29.26488214,1843,1111,107,625,5816,3514,2913,41,7119,6811,71,4,5,46,182,0.9973310858,0.05618766681,0.6461581683,1.699676921,7119,384,1059,670,1048,1393,1158,1407,5.394016013,14.87568479,9.41143419,20.2697008,29.68113499,19.7640118
underbanked,Boswell,2019,PA,1.43E+08,2405,51.47609148,1238,820,347,49066,25142,2899,2405,494,669,482,238,118,57,49.37759336,24.4813278,11.82572614,26.5,2.49,6006,4230,421,2768,1041,90.04728132,75.39007092,24.60992908,1499,847,83,569,4798,2808,2405,0,6006,5866,10,2,29,32,67,0.1665001665,0.0333000333,0.5328005328,0.7326007326,6006,474,858,444,1059,1015,1065,1091,7.892107892,14.28571429,7.392607393,22.17782218,29.57042957,18.16516817
underbanked,Edgerton,2019,MN,5.71E+07,766,42.55874674,326,268,172,61136,29784,855,766,89,758,142,70,37,22,49.29577465,26.05633803,15.49295775,25.4,2.45,1931,1269,169,635,465,86.68242711,63.356974,36.643026,586,445,34,107,1436,909,763,3,1931,1810,3,8,4,84,22,0.1553599171,0.4142931124,4.35007768,4.919730709,1931,134,402,126,274,301,239,455,6.939409632,20.8182289,6.52511652,27.75763853,34.28275505,23.56292077
underbanked,Montecito,2019,CA,3.46E+08,1453,19.339298,281,247,925,153958,75125,2004,1453,551,2538,652,321,113,202,49.23312883,17.33128834,30.98159509,29.2,2.06,3014,2278,27,588,1663,98.81474978,26.99736611,73.00263389,629,421,76,132,2501,1154,1444,9,3014,2741,46,0,17,70,140,1.526211015,0,2.322495023,3.848706038,3014,147,378,211,279,452,323,1224,4.877239549,12.54147313,7.00066357,17.41871267,24.41937624,40.61048441
underbanked,La Porte,2019,IN,1.12E+09,16085,48.78458191,7847,4795,3443,491535,263160,18010,16085,1925,7404,4466,2185,1163,787,48.92521272,26.04120018,17.62203314,287.4,21.11,42841,30083,3939,18235,7909,86.90622611,73.70940398,26.29059602,11348,7426,779,3143,34725,18712,15968,117,42841,35828,2380,155,250,1760,2468,5.555425877,0.3618029458,4.108214094,10.02544292,42841,2382,6588,3788,9077,8352,5751,6903,5.560094302,15.3777923,8.841997152,20.9378866,29.77988376,16.11306926
underbanked,Angier,2019,NC,2.99E+08,4400,47.56818182,2093,1530,777,206353,122461,4674,4400,274,3787,1254,612,294,237,48.80382775,23.44497608,18.89952153,114.7,10.64,11853,7971,1043,4422,2506,86.91506712,68.56103375,31.43896625,3420,2424,292,704,9142,5588,4390,10,11853,7162,1634,60,25,997,1975,13.78553953,0.5062009618,8.411372648,22.70311314,11853,829,2133,920,2456,2446,1358,1711,6.994009955,17.99544419,7.761748081,24.98945415,32.75120223,14.43516409
underbanked,Roswell,2019,GA,4.97E+09,34877,24.25667345,8460,8398,18019,1750896,783265,36964,34877,2087,26811,9577,4673,2729,1816,48.79398559,28.49535345,18.96209669,452.8,44.02,95573,65511,4275,17865,43371,93.47437835,33.79585108,66.20414892,26218,19870,2015,4333,74528,51971,34873,4,95573,63110,12051,201,4077,10839,5295,12.60920971,0.2103104433,11.34106913,24.16058929,95573,6665,17280,6117,17780,21721,12918,13092,6.973726889,18.0804202,6.400343193,25.05414709,31.45449028,13.69842947
underbanked,Lakeway,2019,TX,5.73E+08,3617,13.10478297,474,992,2151,240793,111699,4058,3617,441,4013,525,255,131,124,48.57142857,24.95238095,23.61904762,54.4,4.8,8759,6728,66,2025,4637,99.01902497,31.07907253,68.92092747,1780,1486,110,184,7198,4364,3602,15,8759,7505,225,16,136,723,154,2.568786391,0.1826692545,8.254366937,11.00582258,8759,348,1466,217,965,2066,1476,2221,3.973056285,16.73707044,2.477451764,20.71012673,23.18757849,25.35677589
underbanked,Aurora,2019,IN,5.05E+08,6600,40.51515152,2674,2249,1677,178827,87104,7234,6600,634,2673,1397,677,173,345,48.46098783,12.38367931,24.69577666,84.1,7.6,16803,12057,1761,7402,2894,85.39437671,75.99734594,24.00265406,4244,2737,308,1199,13919,9118,6600,0,16803,16229,87,27,66,99,295,0.5177646849,0.1606855919,0.5891805035,1.26763078,16803,693,2665,1388,2847,3680,2611,2919,4.124263524,15.86026305,8.260429685,19.98452657,28.24495626,17.37189788
underbanked,Erie,2019,PA,4.96E+09,74166,52.18833428,38706,21570,13890,2231041,1229804,81651,74166,7485,38845,29034,13896,6379,6718,47.86112833,21.97079286,23.13838947,1463.8,/,179333,121361,11378,63471,46512,90.62466525,61.67467308,38.32532692,51456,30944,9628,10884,144641,87511,73937,229,179333,142555,17444,625,4184,4838,9687,9.727155627,0.3485136589,2.697774531,12.77344382,179333,10540,28456,18976,35131,31523,24364,30343,5.877334344,15.86768749,10.58143231,21.74502183,32.32645414,16.91991993
underbanked,Heroica Matamoros,2019,TX,2.43E+07,849,86.45465253,734,70,45,15825,11778,1060,849,211,420,636,302,159,144,47.48427673,25,22.64150943,30,2.13,1815,1269,683,374,212,46.17809299,83.29393223,16.70606777,489,197,67,225,1549,619,832,17,1815,72,66,0,26,1610,41,3.636363636,0,88.70523416,92.3415978,1815,105,195,246,250,346,173,500,5.785123967,10.74380165,13.55371901,16.52892562,30.08264463,27.54820937
underbanked,Baker,2019,MT,1.08E+08,1334,39.88005997,532,417,385,64545,38867,1534,1334,200,685,373,176,18,27,47.1849866,4.825737265,7.238605898,20,2.12,2921,1994,107,1213,674,94.63390171,66.19859579,33.80140421,801,566,21,214,2269,1592,1308,26,2921,2756,1,30,51,29,54,0.03423485108,1.027045532,0.9928106813,2.054091065,2921,180,547,200,571,471,431,521,6.162273194,18.72646354,6.846970216,24.88873673,31.73570695,17.83635741
underbanked,Brunswick,2019,MO,5.82E+07,931,58.64661654,546,265,120,40781,23075,1396,931,465,483,277,130,63,38,46.93140794,22.74368231,13.71841155,27.7,2.58,2458,1716,186,1126,404,89.16083916,76.45687646,23.54312354,610,362,39,209,1951,989,925,6,2458,2253,114,0,0,9,82,4.637917006,0,0.3661513426,5.004068348,2458,245,333,164,347,396,333,640,9.967453214,13.54759967,6.672091131,23.51505289,30.18714402,26.0374288
underbanked,Gallatin Gateway,2019,MT,2.19E+08,2002,28.77122877,576,627,799,81300,42300,2318,2002,316,1194,380,176,83,73,46.31578947,21.84210526,19.21052632,28.4,2.55,5106,3678,79,1403,2196,97.85209353,40.29363785,59.70636215,1163,900,64,199,3968,2807,2002,0,5106,4828,0,35,19,102,122,0,0.6854680768,1.997649824,2.683117901,5106,389,883,156,986,1171,783,738,7.618488053,17.29338034,3.055229142,24.91186839,27.96709753,14.45358402
underbanked,Amboy,2019,IL,1.10E+08,1516,41.49076517,629,547,340,54712,30922,1651,1516,135,763,379,174,95,67,45.91029024,25.06596306,17.67810026,28.1,2.29,3553,2536,169,1701,666,93.33596215,73.73817035,26.26182965,971,705,46,220,2859,1728,1512,4,3553,3399,8,0,39,63,44,0.2251618351,0,1.773149451,1.998311286,3553,104,700,213,474,777,571,714,2.927103856,19.70166057,5.994933859,22.62876442,28.62369828,20.09569378
underbanked,Brownsdale,2019,MN,7.39E+07,760,30.26315789,230,287,243,73214,34602,812,760,52,967,97,44,15,3,45.36082474,15.46391753,3.092783505,22.9,2.6,2020,1442,76,870,496,94.7295423,65.60332871,34.39667129,522,340,38,144,1700,1111,760,0,2020,1987,0,1,15,11,6,0,0.0495049505,0.5445544554,0.5940594059,2020,95,294,189,295,395,332,420,4.702970297,14.55445545,9.356435644,19.25742574,28.61386139,20.79207921
underbanked,Beckley,2019,WV,9.87E+08,17013,56.96820079,9692,4743,2578,421914,227465,19583,17013,2570,6013,5226,2354,981,1100,45.04401072,18.77152698,21.04860314,298.4,22.67,39563,27950,3609,16907,7434,87.08765653,73.40250447,26.59749553,10217,6493,970,2754,32076,17400,16936,77,39563,33039,4206,63,580,402,1273,10.63114526,0.1592396937,1.016100902,11.80648586,39563,2231,6287,3095,7835,6655,5679,7781,5.639107247,15.89111038,7.822965902,21.53021763,29.35318353,19.66736597
underbanked,Cheraw,2019,SC,3.16E+08,5569,56.15011672,3127,1669,773,117096,65807,6936,5569,1367,1743,1957,879,298,433,44.91568728,15.22738886,22.12570261,85.1,7.45,13828,9437,2164,5307,1966,77.06898379,79.16710819,20.83289181,3822,2457,256,1109,11343,6384,5559,10,13828,6830,6302,0,150,386,160,45.57419728,0,2.791437663,48.36563494,13828,675,2304,1412,1691,3148,1812,2786,4.881400058,16.66184553,10.21116575,21.54324559,31.75441134,20.14752676
underbanked,Hartley,2019,IA,7.36E+07,1173,49.95737425,586,360,227,50023,26035,1309,1173,136,659,264,118,41,56,44.6969697,15.53030303,21.21212121,28.4,2.21,2688,1861,177,1075,609,90.48898442,67.27565825,32.72434175,638,451,18,169,2118,1336,1173,0,2688,2465,47,23,6,125,22,1.748511905,0.8556547619,4.650297619,7.254464286,2688,229,412,186,442,371,494,554,8.519345238,15.32738095,6.919642857,23.84672619,30.76636905,20.61011905
underbanked,Aiken,2019,SC,2.32E+09,30467,45.83319657,13964,9470,7033,734361,372725,34031,30467,3564,10523,8379,3743,1761,1904,44.67120181,21.01682778,22.72347536,378.2,31.11,75024,53537,5086,26630,21821,90.50002802,59.24127239,40.75872761,18921,11878,2792,4251,62115,33967,30402,65,75024,48212,21668,189,990,1991,1974,28.88142461,0.2519193858,2.653817445,31.78716144,75024,4035,11087,6365,13331,12217,11584,16405,5.378278951,14.77793773,8.483951802,20.15621668,28.64016848,21.86633611
underbanked,Hauppauge,2019,NY,7.92E+08,5661,21.44497439,1214,1225,3222,460981,205482,6108,5661,447,9131,1188,529,254,275,44.52861953,21.38047138,23.14814815,134.4,11.35,16313,11808,489,5012,6307,95.85873984,46.58705962,53.41294038,4203,2526,708,969,13653,8856,5623,38,16313,12523,757,14,1126,1415,478,4.64047079,0.08582112426,8.67406363,13.40035554,16313,744,2394,1367,2836,3762,2444,2766,4.560779746,14.67541225,8.379819776,19.23619199,27.61601177,16.95580212
underbanked,Angora,2019,MN,9.57E+07,1244,35.85209003,446,472,326,68068,34189,2306,1244,1062,771,88,39,3,8,44.31818182,3.409090909,9.090909091,26.7,2.25,2800,2176,105,1168,903,95.17463235,58.50183824,41.49816176,568,417,29,122,2387,1331,1220,24,2800,2742,1,12,12,11,22,0.03571428571,0.4285714286,0.3928571429,0.8571428571,2800,96,394,134,314,561,623,678,3.428571429,14.07142857,4.785714286,17.5,22.28571429,24.21428571
underbanked,Maple Heights,2019,OH,4.93E+08,9359,57.32450048,5365,3260,734,310296,183319,10666,9359,1307,6104,3884,1713,946,1005,44.10401648,24.35633368,25.8753862,230,16.54,22383,15154,1637,9702,3815,89.1975716,74.82512868,25.17487132,6620,3949,765,1906,17877,11690,9332,27,22383,4774,16601,6,131,234,637,74.16789528,0.02680605817,1.045436269,75.2401376,22383,1439,3575,2215,4486,4544,3152,2972,6.428986284,15.97194299,9.895903141,22.40092928,32.29683242,13.27793415
underbanked,Lake Placid,2019,FL,3.18E+08,5143,58.44837643,3006,1460,677,140579,69422,7299,5143,2156,1921,787,346,210,78,43.96442186,26.68360864,9.911054638,84,7.98,13346,10315,1238,6372,2705,87.99806108,73.77605429,26.22394571,2704,1919,180,605,11216,4533,5143,0,13346,9455,962,61,122,2302,444,7.208152255,0.4570657875,17.24861382,24.91383186,13346,528,1883,620,1941,2062,1704,4608,3.956241571,14.10909636,4.645586693,18.06533793,22.71092462,34.52719916
underbanked,Bowdon,2019,GA,2.20E+08,3753,53.45057288,2006,1174,573,92879,44607,4081,3753,328,1284,1025,450,295,166,43.90243902,28.7804878,16.19512195,60.5,4.9,9331,6573,1248,3935,1390,81.01323597,78.85288301,21.14711699,2469,1472,311,686,7709,4329,3745,8,9331,7757,1149,89,10,129,197,12.31379273,0.953809881,1.382488479,14.65009109,9331,516,1384,858,1583,1911,1217,1862,5.529953917,14.8322795,9.195155932,20.36223342,29.55738935,19.95498875
underbanked,Diagonal,2019,IA,6.63E+07,778,41.90231362,326,259,193,59028,31638,1271,778,493,734,146,64,12,9,43.83561644,8.219178082,6.164383562,25.5,2.62,2105,1465,65,879,521,95.56313993,64.43686007,35.56313993,586,452,1,133,1624,968,771,7,2105,2081,0,9,0,11,4,0,0.4275534442,0.5225653207,0.9501187648,2105,150,404,86,331,361,248,525,7.125890736,19.19239905,4.085510689,26.31828979,30.40380048,24.94061758
underbanked,Cortlandt,2019,NY,1.24E+09,7050,14.14184397,997,1380,4673,566875,213461,7565,7050,515,10468,703,307,76,247,43.66998578,10.81081081,35.13513514,136,11.91,21398,14570,858,4979,8733,94.11118737,40.06177076,59.93822924,6224,4010,1199,1015,17346,11977,7050,0,21398,14595,1196,8,607,2088,2904,5.589307412,0.03738667165,9.757921301,15.38461538,21398,977,3682,2169,2775,4992,3589,3214,4.565847275,17.20721563,10.13646135,21.7730629,31.90952425,15.02009534
underbanked,Campbellsville,2019,KY,6.04E+08,9857,55.0471746,5426,3066,1365,232982,114716,11004,9857,1147,2949,3917,1686,1016,701,43.04314526,25.93821802,17.89634925,145.4,12.62,25571,16685,2148,9992,4545,87.12616122,72.75996404,27.24003596,7966,4592,1437,1937,20381,11801,9846,11,25571,22894,1095,21,273,455,833,4.282194674,0.08212428141,1.779359431,6.143678386,25571,1625,4148,3113,4574,4257,3402,4452,6.354855109,16.22150092,12.17394705,22.57635603,34.75030308,17.41034766
underbanked,Bogota,2019,NJ,2.96E+08,2792,25.21489971,704,894,1194,183243,80165,2912,2792,120,3525,775,332,138,231,42.83870968,17.80645161,29.80645161,78.1,5.98,8360,5781,614,2703,2464,89.37900017,57.37761633,42.62238367,2249,1449,317,483,6742,4621,2781,11,8360,3038,1074,11,657,2477,1103,12.84688995,0.1315789474,29.6291866,42.6076555,8360,487,1320,772,1746,1692,1238,1105,5.825358852,15.78947368,9.234449761,21.61483254,30.8492823,13.21770335
underbanked,Deming,2019,NM,4.13E+08,8904,67.93575921,6049,2100,755,175732,100441,11287,8904,2383,2913,3482,1488,823,689,42.73406088,23.63584147,19.78747846,189.6,16.13,24083,15383,4647,7834,2902,69.79132809,81.13501918,18.86498082,7564,4560,278,2726,18265,8619,8885,19,24083,7108,381,228,199,15123,1044,1.582028817,0.9467259062,62.79533281,65.32408753,24083,1789,4573,2338,3847,3837,2760,4939,7.428476519,18.98849811,9.708092846,26.41697463,36.12506747,20.50824233
underbanked,Lake Lure,2019,NC,1.14E+08,1299,42.03233256,546,377,376,60656,30088,3564,1299,2265,825,236,99,73,44,41.94915254,30.93220339,18.6440678,31.2,2.13,2772,2247,162,938,1147,92.79038718,48.9541611,51.0458389,493,349,64,80,2441,1020,1290,9,2772,2563,82,6,21,13,87,2.958152958,0.2164502165,0.468975469,3.643578644,2772,58,326,141,234,383,649,981,2.092352092,11.76046176,5.086580087,13.85281385,18.93939394,35.38961039
underbanked,Champaign,2019,IL,3.26E+09,40704,48.58736242,19777,10829,10098,1191643,660732,45632,40704,4928,22511,21803,9119,4467,5687,41.82451956,20.48800624,26.08356648,731.5,51.94,102103,57658,2875,21149,33634,95.01370148,41.66637761,58.33362239,41343,13128,21380,6835,86424,53209,40650,54,102103,62614,17074,92,13631,4881,3811,16.72232941,0.09010508996,4.780466784,21.59290129,102103,5538,11934,26973,22228,13854,9702,11874,5.423934654,11.68819721,26.41744121,17.11213187,43.52957308,11.62943302
underbanked,Central Lake,2019,MI,2.04E+08,2467,40.98094852,1011,886,570,120564,60068,4392,2467,1925,1625,287,120,35,36,41.81184669,12.19512195,12.54355401,50.5,4.33,5390,4262,241,2189,1832,94.34537776,57.01548569,42.98451431,1028,646,96,286,4725,2433,2451,16,5390,5198,25,38,17,38,74,0.4638218924,0.7050092764,0.7050092764,1.873840445,5390,192,602,334,671,860,1071,1660,3.562152134,11.16883117,6.196660482,14.7309833,20.92764378,30.79777365
underbanked,Candler,2019,NC,6.12E+08,8723,48.61859452,4241,2804,1678,250302,133096,10035,8723,1312,4330,2481,1017,467,578,40.99153567,18.82305522,23.29705764,158.4,12.89,22747,15887,1624,8579,5684,89.77780575,64.22232014,35.77767986,6113,3729,506,1878,18460,11134,8710,13,22747,19917,279,92,129,1500,830,1.226535367,0.4044489383,6.594276168,8.225260474,22747,1243,3602,2015,3837,4887,3092,4071,5.464456851,15.83505517,8.858310986,21.29951202,30.15782301,17.89686552
underbanked,Bosworth,2019,MO,6.03E+07,891,39.39393939,351,380,160,57656,26931,1271,891,380,618,138,56,16,8,40.57971014,11.5942029,5.797101449,26.2,2.46,2195,1593,210,1039,344,86.8173258,78.40552417,21.59447583,568,319,83,166,1857,1094,888,3,2195,2118,12,18,0,18,29,0.5466970387,0.8200455581,0.8200455581,2.186788155,2195,80,308,214,303,420,362,508,3.644646925,14.03189066,9.749430524,17.67653759,27.42596811,23.14350797
underbanked,LaGrange,2019,GA,1.18E+09,18475,54.38700947,10048,5140,3287,459904,255895,20851,18475,2376,8660,8503,3444,1787,2464,40.50335176,21.01611196,28.97800776,336,27.48,51857,33153,5443,18624,9086,83.58217959,72.59373209,27.40626791,16793,10996,1475,4322,39791,23756,18421,54,51857,28078,19879,150,1309,951,1490,38.33426538,0.2892569952,1.83388935,40.45741173,51857,3377,9814,5513,10678,9372,6198,6905,6.512139152,18.92512101,10.63115876,25.43726016,36.06841892,13.31546368
underbanked,Miami Beach,2019,FL,4.90E+09,43539,45.60968327,19858,11088,12593,1819241,1060883,70013,43539,26474,45012,27437,10988,7059,8301,40.04811022,25.72803149,30.25476546,925.1,54.67,88538,70759,7298,21726,41735,89.68611767,41.0181037,58.9818963,14967,9753,2079,3135,77089,53704,43436,103,88538,33087,4469,76,2285,32747,15874,5.047550204,0.08583884886,36.98637873,42.11976778,88538,4290,8345,5144,24322,20955,10700,14782,4.845377126,9.425331496,5.809934717,14.27070862,20.08064334,16.6956561
underbanked,Barstow,2019,CA,6.26E+08,10740,58.70577281,6305,3082,1353,245237,138794,12306,10740,1566,4713,5767,2285,1588,1452,39.62198717,27.53598058,25.17773539,203.3,16.84,31403,18578,4111,10408,4059,77.87167618,78.15157713,21.84842287,10932,7403,925,2604,22587,12207,10694,46,31403,9532,4660,515,669,11738,4289,14.83934656,1.639970703,37.3785944,53.85791166,31403,2944,6942,2939,6369,4676,3917,3616,9.374900487,22.1061682,9.358978442,31.48106869,40.84004713,11.51482342
underbanked,Aberdeen,2019,MD,6.38E+08,7511,41.93849021,3150,2226,2135,307279,160627,8435,7511,924,5573,3136,1241,834,786,39.57270408,26.59438776,25.06377551,171.6,12.68,18740,12996,1744,7129,4123,86.5804863,68.2748538,31.7251462,5044,3013,479,1552,15246,9940,7456,55,18740,10879,4777,0,695,657,1732,25.4909285,0,3.505869797,28.99679829,18740,1206,2729,1809,3731,3675,2753,2837,6.435432231,14.5624333,9.653148346,20.99786553,30.65101387,15.13874066
underbanked,Lyons,2019,IN,1.20E+08,1578,42.26869455,667,566,345,56140,28237,2029,1578,451,654,256,101,14,27,39.453125,5.46875,10.546875,21,2.62,4205,3010,396,1914,700,86.84385382,76.74418605,23.25581395,1087,729,54,304,3474,2000,1558,20,4205,3990,9,10,18,8,170,0.2140309156,0.2378121284,0.1902497027,0.6420927467,4205,194,686,315,721,797,609,883,4.613555291,16.31391201,7.491082045,20.9274673,28.41854935,20.99881094
underbanked,Abbeville,2019,LA,7.44E+08,11096,49.07173756,5445,3331,2320,320224,162773,13022,11096,1926,3625,2882,1124,436,559,39.00069396,15.12838307,19.3962526,163.2,15.77,29775,19932,4590,10680,4662,76.97170379,76.61047562,23.38952438,8574,5879,606,2089,23148,13195,11096,0,29775,20318,6687,63,950,1071,686,22.45843829,0.2115869018,3.59697733,26.26700252,29775,2112,5295,2436,5675,5477,4173,4607,7.093198992,17.78337531,8.181360202,24.87657431,33.05793451,15.47271201
underbanked,Abbeville,2019,GA,8.27E+07,1454,63.48005502,923,352,179,67682,41607,2081,1454,627,853,423,162,53,35,38.29787234,12.52955083,8.274231678,46.1,5.23,5848,4380,767,2835,778,82.48858447,82.23744292,17.76255708,1306,802,78,426,4971,1444,1445,9,5848,3032,2518,4,0,257,37,43.05745554,0.0683994528,4.394664843,47.52051984,5848,305,646,517,1405,1279,748,948,5.215458276,11.04651163,8.840629275,16.2619699,25.10259918,16.21067031
underbanked,Canaan,2019,CT,2.65E+08,2609,37.40896895,976,719,914,139515,68692,3308,2609,699,2618,757,286,144,267,37.78071334,19.02245707,35.27080581,76.6,4.53,6052,4732,413,2466,1853,91.27218935,60.84108199,39.15891801,1166,801,143,222,5186,3368,2609,0,6052,5348,174,4,30,279,217,2.875082617,0.06609385327,4.610046266,7.551222736,6052,301,698,321,892,1236,1001,1603,4.973562459,11.5333774,5.304031725,16.50693985,21.81097158,26.4871117
underbanked,Lake Ronkonkoma,2019,NY,4.49E+08,4059,26.82926829,1089,1139,1831,294657,124331,4355,4059,296,6076,1178,444,280,362,37.6910017,23.76910017,30.73005093,127.4,8.98,11998,8385,472,4636,3277,94.37090042,60.9183065,39.0816935,3146,1885,466,795,9805,6136,4001,58,11998,9568,389,21,519,941,560,3.242207035,0.1750291715,7.842973829,11.26021004,11998,717,1786,1110,2248,2489,1660,1988,5.975995999,14.8858143,9.251541924,20.8618103,30.11335223,16.56942824
underbanked,Erving,2019,MA,1.02E+08,1401,43.25481799,606,469,326,60313,30819,1658,1401,257,1006,220,82,60,45,37.27272727,27.27272727,20.45454545,32.6,2.42,3398,2554,191,1388,975,92.52153485,61.82458888,38.17541112,749,563,55,131,2806,1772,1394,7,3398,3132,63,18,11,70,104,1.854031783,0.5297233667,2.060035315,4.443790465,3398,147,514,183,475,712,682,685,4.326074161,15.12654503,5.385520895,19.45261919,24.83814008,20.15891701
underbanked,Bensley,2019,VA,4.83E+07,1000,61.3,613,325,62,38673,22625,1045,1000,45,986,499,180,133,152,36.07214429,26.65330661,30.46092184,36.8,2.75,2750,1846,501,1090,255,72.86023835,86.18634886,13.81365114,766,488,28,250,2092,1401,961,39,2750,967,698,0,114,578,393,25.38181818,0,21.01818182,46.4,2750,266,474,164,744,578,225,299,9.672727273,17.23636364,5.963636364,26.90909091,32.87272727,10.87272727
underbanked,Albany,2019,LA,2.80E+08,3176,45.11964736,1433,969,774,53439,25027,3923,3176,747,638,473,167,43,70,35.30655391,9.090909091,14.79915433,21.7,2.79,8901,6329,1686,3176,1467,73.36072049,76.82098278,23.17901722,2283,1367,235,681,7383,3992,3107,69,8901,7787,391,0,0,313,410,4.392764858,0,3.516458825,7.909223683,8901,493,1448,631,1355,2262,1273,1439,5.538703516,16.26783507,7.089091113,21.80653859,28.8956297,16.16672284
underbanked,Glenville,2019,NC,6.36E+07,959,52.86757039,507,313,139,46440,25471,2947,959,1988,798,312,110,68,75,35.25641026,21.79487179,24.03846154,37.9,2.33,2244,1712,225,937,550,86.85747664,67.87383178,32.12616822,510,353,74,83,1880,1118,959,0,2244,1821,0,4,0,171,248,0,0.1782531194,7.620320856,7.798573975,2244,54,348,130,413,344,390,565,2.406417112,15.50802139,5.793226381,17.9144385,23.70766488,25.17825312
underbanked,Harmon,2019,IL,5.71E+07,833,44.41776711,370,285,178,55750,31921,966,833,133,707,166,56,40,23,33.73493976,24.09638554,13.85542169,30.5,2.14,1782,1356,126,957,273,90.7079646,79.86725664,20.13274336,407,260,62,85,1527,918,814,19,1782,1709,11,13,0,26,23,0.6172839506,0.7295173962,1.459034792,2.805836139,1782,52,266,108,294,350,314,398,2.918069585,14.92704826,6.060606061,17.84511785,23.90572391,22.33445567
underbanked,Ider,2019,AL,1.31E+08,2243,56.93267945,1277,654,312,41328,23231,2652,2243,409,461,504,168,54,50,33.33333333,10.71428571,9.920634921,22.6,2.58,5794,4217,939,2440,838,77.73298553,80.12805312,19.87194688,1493,1052,251,190,4890,2680,2243,0,5794,5333,0,194,27,0,240,0,3.348291336,0,3.348291336,5794,145,996,436,746,1228,943,1300,2.502588885,17.19019676,7.525025889,19.69278564,27.21781153,22.4370038
underbanked,Blacksburg,2019,SC,1.94E+08,3692,65.24918743,2409,845,438,61777,43179,4516,3692,824,1081,1109,361,313,142,32.55184851,28.22362489,12.80432822,62.1,5.4,9979,7191,1710,3966,1515,76.22027534,78.93199833,21.06800167,2380,1679,158,543,8011,3959,3692,0,9979,8115,955,37,14,429,429,9.570097204,0.3707786351,4.299027959,14.2399038,9979,629,1620,539,2118,2192,1277,1604,6.303236797,16.23409159,5.40134282,22.53732839,27.93867121,16.07375489
underbanked,Lakewood Township,2019,NJ,1.85E+09,23781,48.24019175,11472,6940,5369,690770,337640,26035,23781,2254,19890,11819,3665,3540,4076,31.00939166,29.95177257,34.48684322,527.2,57,102466,43831,5319,23233,15279,87.86475326,65.14111017,34.85888983,48209,36056,4121,8032,56105,30846,23735,46,102466,85086,3128,26,1141,8562,4523,3.052719927,0.02537427049,8.355942459,11.43403666,102466,17564,31972,9099,18641,10007,4647,10536,17.14129565,31.20254523,8.880018738,48.34384088,57.22385962,10.28243515
underbanked,Ashville,2019,PA,9.47E+07,1489,47.88448623,713,514,262,53295,30221,1705,1489,216,648,248,75,42,54,30.24193548,16.93548387,21.77419355,32,2.37,3530,2563,183,1645,735,92.85992977,71.32266875,28.67733125,879,638,69,172,2849,1715,1487,2,3530,3463,9,1,1,40,16,0.2549575071,0.0283286119,1.133144476,1.416430595,3530,179,566,222,615,754,526,668,5.07082153,16.03399433,6.288951841,21.10481586,27.39376771,18.92351275
underbanked,Alice,2019,TX,6.05E+08,9391,58.16207007,5462,2379,1550,193055,103284,11347,9391,1956,2945,3132,894,894,498,28.5440613,28.5440613,15.90038314,167.9,15.03,28834,18127,4529,10167,3431,75.01517074,81.07243339,18.92756661,9491,6336,601,2554,21744,12063,9240,151,28834,3828,237,201,209,23434,925,0.8219463134,0.6970937088,81.27210932,82.79114934,28834,2017,5861,2829,5763,4904,3167,4293,6.995213983,20.32669765,9.811333842,27.32191163,37.13324547,14.88867309
underbanked,Alum Creek,2019,WV,2.02E+08,2684,52.64530551,1413,659,612,47097,26010,3061,2684,377,580,499,141,64,81,28.25651303,12.8256513,16.23246493,30.6,2.4,7116,5395,831,3227,1337,84.59684893,75.21779425,24.78220575,1589,951,157,481,6124,3091,2670,14,7116,6696,107,0,139,53,121,1.503653738,0,0.7448004497,2.248454188,7116,346,899,476,1402,1613,1020,1360,4.862282181,12.63350197,6.689151209,17.49578415,24.18493536,19.1118606
underbanked,Champion,2019,MI,5.33E+07,978,55.4192229,542,319,117,43712,25790,2572,978,1594,577,103,28,13,18,27.18446602,12.62135922,17.47572816,31.9,2.11,2063,1614,98,1115,401,93.92812887,75.15489467,24.84510533,432,315,17,100,1789,757,975,3,2063,2008,2,10,0,11,32,0.09694619486,0.4847309743,0.5332040717,1.114881241,2063,41,285,123,250,329,406,629,1.987396995,13.81483277,5.962190984,15.80222976,21.76442075,30.48957828
underbanked,Annapolis,2019,MO,3.99E+07,821,63.70280146,523,223,75,36622,20217,1177,821,356,402,191,49,20,28,25.65445026,10.47120419,14.65968586,29.9,2.5,2054,1442,290,972,180,79.889043,87.51733703,12.48266297,542,325,19,198,1708,882,807,14,2054,1931,60,26,0,0,37,2.921129503,1.265822785,0,4.186952288,2054,112,316,184,309,457,301,375,5.452775073,15.38461538,8.958130477,20.83739046,29.79552093,18.2570594
underbanked,Buchanan Dam,2019,TX,5.79E+07,686,46.35568513,318,197,171,55750,24266,1481,686,795,717,168,43,27,59,25.5952381,16.07142857,35.11904762,47.4,2.2,1506,1264,99,782,383,92.16772152,69.69936709,30.30063291,205,144,21,40,1351,619,686,0,1506,1340,0,0,6,106,54,0,0,7.038512616,7.038512616,1506,58,136,48,132,276,379,477,3.85126162,9.030544489,3.187250996,12.88180611,16.0690571,31.67330677
underbanked,Lake Arrowhead,2019,CA,2.91E+08,3251,43.49430944,1414,842,995,194134,93488,11061,3251,7810,4531,937,239,312,249,25.50693703,33.2977588,26.57417289,127.1,7.53,8147,5949,536,2921,2492,90.99008237,58.11060682,41.88939318,2064,1454,93,517,6747,3564,3251,0,8147,5904,85,112,128,1422,496,1.043328833,1.374739168,17.45427765,19.87234565,8147,248,1400,550,1470,1440,1150,1889,3.0440653,17.1842396,6.75095127,20.2283049,26.97925617,23.186449
underbanked,Barceloneta,2019,PR,1.14E+08,4429,86.36261007,3825,571,33,49943,0,5692,4429,1263,785,1216,286,155,184,23.51973684,12.74671053,15.13157895,107.1,8.65,12779,8848,2542,3655,2651,71.27034358,70.03842676,29.96157324,3539,2199,478,862,10484,4219,4429,0,12779,127,357,0,170,10247,1878,2.793645825,0,80.18624306,82.97988888,12779,660,1953,1318,2201,2315,1727,2605,5.164723374,15.28288598,10.31379607,20.44760936,30.76140543,20.38500665
underbanked,Bradford Woods,2019,PA,7.26E+07,486,13.99176955,68,140,278,114063,56111,514,486,28,1433,23,5,15,0,21.73913043,65.2173913,0,32.1,2.52,1225,895,15,218,662,98.32402235,26.03351955,73.96648045,295,246,35,14,1015,600,486,0,1225,1150,4,0,44,19,8,0.3265306122,0,1.551020408,1.87755102,1225,59,211,60,132,282,213,268,4.816326531,17.2244898,4.897959184,22.04081633,26.93877551,21.87755102
underbanked,Kiowa,2019,CO,8.06E+07,788,25.88832487,204,239,345,83611,41481,809,788,21,1442,74,11,5,27,14.86486486,6.756756757,36.48648649,51,2.61,2057,1497,68,857,572,95.45758183,61.79024716,38.20975284,539,364,64,111,1711,1156,788,0,2057,1658,0,19,2,109,269,0,0.9236752552,5.298979096,6.222654351,2057,74,363,123,257,562,326,352,3.597472047,17.64705882,5.979581915,21.24453087,27.22411279,17.11229947
underbanked,Barbourville,2019,KY,2.21E+07,724,82.0441989,594,120,10,20000,15975,977,724,253,296,234,20,66,34,8.547008547,28.20512821,14.52991453,37.5,2.64,1912,1311,336,830,145,74.37070938,88.93974066,11.06025934,537,415,18,104,1452,511,712,12,1912,1892,0,0,0,9,11,0,0,0.4707112971,0.4707112971,1912,121,367,113,411,404,216,280,6.328451883,19.19456067,5.910041841,25.52301255,31.43305439,14.64435146